<?xml version="1.0" encoding="UTF-8" standalone="yes"?>
<addon id="metadata.thexem.de" name="XEM" version="1.0.7" provider-name="takoi">
  <requires>
    <import addon="xbmc.metadata" version="2.1.0"/>
  </requires>
  <extension point="xbmc.metadata.scraper.tvshows" language="multi"
             library="xem.xml" cachepersistence="00:15"/>
  <extension point="xbmc.addon.metadata">
    <summary lang="en">Xross Entity Map for TV shows</summary>
    <description lang="en">TheXEM.de is a site that map episode numbering from multiple sources to their TheTVDB.com counterparts. This scraper let you choose between "scene", AniDB.net and TVRage.com, or the original TheTVDB.com order, as the source for the episode numbering; then fetch the correct data from TheTVDB.com. For more information please visit TheXEM.de</description>
    <platform>all</platform>
    <license>GNU GENERAL PUBLIC LICENSE. Version 3, 29 June 2007</license>
    <forum>http://forum.kodi.tv/showthread.php?tid=136169</forum>
    <source>https://github.com/tamland/xbmc-xem</source>
  </extension>
</addon>
