<?xml version="1.1" encoding="UTF-8" standalone="yes"?>
<addon id="plugin.video.buchclub1" name="buchclub 1" version="31.0.0" provider-name="buchclub">
  <requires>
    <import addon="xbmc.python" version="2.1.0"/>
	<import addon="script.module.requests" />
  </requires>
  <extension point="xbmc.python.pluginsource"
            library="default.py">
        <provides>video</provides>
  </extension>
  <extension point="xbmc.addon.metadata">
    <summary lang="en">buchclub</summary>
    <language>en</language>
    <description lang="en">buchclub 1 </description>

     <platform>all</platform>
  </extension>
</addon>
