<?xml version="1.0" encoding="UTF-8" standalone="yes"?>
<addon id="repository.osmc" name="OSMC Kodi Leia Repo" version="1.0.3" provider-name="OSMC Kodi Leia Repo [COLOR red]El[COLOR white]Turko[/COLOR]">
    <extension point="xbmc.addon.repository" name="Absolut Kodi Repository">
		<info compressed="false">https://ftp.fau.de/osmc/osmc/download/kodi/addons/leia/addons.xml</info>
		<checksum>https://ftp.fau.de/osmc/osmc/download/kodi/addons/leia/addons.xml.gz.md5</checksum>
		<datadir zip="true">https://ftp.fau.de/osmc/osmc/download/kodi/addons/leia/</datadir>
    </extension>
    <extension point="xbmc.addon.metadata">
        <summary>A "little" Kodi repo</summary>
        <description> Nothing special....
      </description>
        <platform>all</platform>
      <assets>
       <icon>icon.gif</icon>
       <fanart>fanart.gif</fanart>
  </assets>
  </extension>
</addon>
