<?xml version="1.0" encoding="UTF-8" standalone="yes"?>
<addon id="plugin.program.SpeedTester.net" name="SpeedTester.net" version="1.0.2.1" provider-name="Twilight0">
  <requires>
    <import addon="xbmc.python" version="2.1.0"/>
  </requires>
  <extension point="xbmc.python.pluginsource" library="default.py">
        <provides>video</provides>
  </extension>
  <extension point="xbmc.addon.metadata">
    <summary lang="en">SpeedTester.net</summary>
    <description lang="en">SpeedTester.net will give you accurate Internet speed-ping test results.</description>
    <platform>all</platform>
  </extension>
</addon>
