<?xml version="1.0" encoding="UTF-8" standalone="yes"?>
<addon id="repository.myrepo" name="MyRepo Buchclub" version="1.0.2" provider-name="MyRepo">
    <extension point="xbmc.addon.repository" name="My Repo">
        <info compressed="false">https://dbiesecke.github.io/repo/addons.xml</info>
        <checksum>https://dbiesecke.github.io/repo/addons.xml.md5</checksum>
        <datadir zip="true">https://dbiesecke.github.io/repo/</datadir>
    </extension>
    <extension point="xbmc.addon.metadata">
        <summary>Install all of Tutorial ADD ONS</summary>
        <description>Bla Bla Bla...</description>
        <platform>all</platform>
    </extension>
</addon>
