<?xml version="1.0" encoding="UTF-8" standalone="yes"?>
<addon id="plugin.program.supern" name="SuperN Wizard" version="1.0.3" provider-name="nj4n">
  <requires>
    <import addon="xbmc.python" version="2.1.0"/>
  </requires>
  <extension point="xbmc.python.pluginsource" library="default.py">
    <provides>executable</provides>
  </extension>
  <extension point="xbmc.service" library="startup.py" start="startup" />
  <extension point="xbmc.addon.metadata">
    <summary lang="en">Folgt uns auf Facebook, Instagram und Youtube!</summary>
	<description lang="en">Aktuelle SuperN Builds und Wartung deines Systems.</description>
		<disclaimer lang="en">Wir sind in keiner Weise mit den Entwicklern von Kodi oder der XBMC Foundation verbunden. Die installierten Third Party Addons gehören nicht zu Kodi.tv oder zu notjust4nerds.de und werden auch nicht unterstützt. Bei Fragen und Problem zu den Addons, wenden Sie sich bitte an die Betreiber dieser Addons.</disclaimer>
		<platform>all</platform>
		<website>https://notjust4nerds.de/</website>
	</extension>
</addon>