<?xml version="1.1" encoding="UTF-8" standalone="yes"?>
<addon id="plugin.video.PsycoTVPro" name="PsycoTV Pro" version="31.0.0" provider-name="PsycoTV">
  <requires>
    <import addon="xbmc.python" version="2.1.0"/>
	<import addon="script.module.requests" />
  </requires>
  <extension point="xbmc.python.pluginsource"
            library="default.py">
        <provides>video</provides>
  </extension>
  <extension point="xbmc.addon.metadata">
    <summary lang="en">PsycoTV</summary>
    <language>en</language>
    <description lang="en">PsycoTV Pro </description>

     <platform>all</platform>
  </extension>
</addon>
