<?xml version="1.0" encoding="UTF-8"?>
<addon  id="plugin.video.genxanime"  version="1.3.2"  name="GenX-Anime"  provider-name="Jin">
  <requires>
   <import addon="xbmc.python" version="2.1.0"/>
   <import addon="script.module.requests" version="2.3.0"/>
  </requires>
  <extension     point="xbmc.python.pluginsource"    library="default.py">
   <provides>video</provides>
  </extension>
  <extension point="xbmc.addon.metadata">
    <summary>GenX-Anime.org - Unlimited Anime Stream</summary>
    <description>GenX-Anime.org ist eine Anime Streamseite von und fuer Fans!</description>
    <platform>all</platform>
  </extension>
</addon>
