<?xml version="1.0" encoding="UTF-8"?>
<window>
	<allowoverlay>no</allowoverlay>
	<zorder>1</zorder>
	<coordinates>
		<system>1</system>
		<posx>0</posx>
		<posy>0</posy>
	</coordinates>
	<controls>
		<control type="image" id="4000">
			<posx>0</posx>
			<posy>0</posy>
			<width>1280</width>
			<height>720</height>
			<texture>bg.jpg</texture>
		</control>
		<control type="label" id="1000">
			<description>Title</description>
			<left>0</left>
			<top>10</top>
			<height>50</height>
			<width>1280</width>
			<visible>true</visible>
			<align>center</align>
			<scroll>false</scroll>
			<label>$ADDON[script.xtreameditor 30000]</label>
			<angle>0</angle>
			<haspath>false</haspath>
			<font>font30_title</font>
			<textcolor>FFFFFFFF</textcolor>
			<shadowcolor>ff000000</shadowcolor>
		</control>
		<control type="group" id="15">
			<left>30</left>
			<top>66</top>
			<width>400</width>
			<control type="button" id="5000">
				<description></description>
				<posx>0</posx>
				<posy>10</posy>
				<height>30</height>
				<label>$ADDON[script.xtreameditor 40002]</label>
				<textcolor>FFFFFFFF</textcolor>
				<font>font12</font>
				<aligny>center</aligny>
				<align>center</align>
				<focusedcolor>FFFFFFFF</focusedcolor>
				<texturefocus>btn_yes.png</texturefocus>
				<texturenofocus>btn_no.png</texturenofocus>
			</control>
			<control type="button" id="5001">
				<description></description>
				<posx>0</posx>
				<posy>50</posy>
				<height>30</height>
				<label>$ADDON[script.xtreameditor 40003]</label>
				<textcolor>FFFFFFFF</textcolor>
				<focusedcolor>FFFFFFFF</focusedcolor>
				<font>font12</font>
				<aligny>center</aligny>
				<align>center</align>
				<texturefocus>btn_yes.png</texturefocus>
				<texturenofocus>btn_no.png</texturenofocus>
			</control>
			<control type="button" id="5002">
				<description></description>
				<posx>0</posx>
				<posy>90</posy>
				<height>30</height>
				<label>$ADDON[script.xtreameditor 40004]</label>
				<textcolor>FFFFFFFF</textcolor>
				<focusedcolor>FFFFFFFF</focusedcolor>
				<font>font12</font>
				<aligny>center</aligny>
				<align>center</align>
				<texturefocus>btn_yes.png</texturefocus>
				<texturenofocus>btn_no.png</texturenofocus>
			</control>
			<control type="label" id="1001">
				<left>0</left>
				<top>130</top>
				<height>120</height>
				<scroll>true</scroll>
				<wrapmultiline>true</wrapmultiline>
				<label></label>
				<angle>0</angle>
				<align>left</align>
				<visible>true</visible>
				<haspath>false</haspath>
				<font>font10</font>
				<textcolor>FFFFFFFF</textcolor>
				<shadowcolor>ff000000</shadowcolor>
			</control>
		</control>
		<control type="group" id="16">
			<left>450</left>
			<top>66</top>
			<width>400</width>
			<control type="image" id="4002">
				<posx>0</posx>
				<posy>10</posy>
				<width>300</width>
				<height>300</height>
				<texture>qr.jpg</texture>
			</control>
			<control type="label" id="1002">
				<left>0</left>
				<top>320</top>
				<height>30</height>
				<label></label>
				<angle>0</angle>
				<align>left</align>
				<visible>true</visible>
				<haspath>false</haspath>
				<font>font24</font>
				<textcolor>FFFFFFFF</textcolor>
				<shadowcolor>ff000000</shadowcolor>
			</control>
		</control>
	</controls>
</window>