<?xml version="1.0" encoding="UTF-8" standalone="yes"?>
<addon id="repository.xstream" name="xStream Repository" version="1.0.3" provider-name="Lynx187">
	<extension point="xbmc.addon.repository" name="xStream Repository">
        <info>http://xstream-addon.square7.ch/repo/addons.xml</info>
        <checksum>http://xstream-addon.square7.ch/repo/addons.xml.md5</checksum>        
        <datadir zip="true">http://xstream-addon.square7.ch/repo/</datadir>
	</extension>
    <extension point="xbmc.addon.metadata">
        <summary>xStream Repository</summary>
		<description></description>
		<disclaimer></disclaimer>
		<platform>all</platform>
	</extension>
</addon>