<?xml version="1.0" encoding="UTF-8" standalone="yes"?>
<addon id="plugin.video.burningseries"
	   name="Burning Series"
	   version="1.4.1"
	   provider-name="chmee phreekz">
  <requires>
	<import addon="script.module.t0mm0.common"/>
	<import addon="script.module.urlresolver"/>
	</requires>
  <extension point="xbmc.python.pluginsource"
			 library="default.py">
    	<provides>video</provides>
  </extension>
  <extension point="xbmc.addon.metadata">
    <summary>burning-seri.es player</summary>
    <description>series, a lot, generally in german</description>
    <platform>all</platform>
  </extension>
</addon>