<?xml version="1.0" encoding="UTF-8" standalone="yes"?>
<addon id="plugin.program.sunrisewizard" name="Sunrise Wizard" version="1.00" provider-name="sunrisekodi">
  <requires>
    <import addon="xbmc.python" version="2.1.0"/>
  </requires>
  <extension point="xbmc.python.pluginsource" library="default.py">
    <provides>executable</provides>
  </extension>
  <extension point="xbmc.service" library="startup.py" start="startup" />
  <extension point="xbmc.addon.metadata">
    <summary lang="en">Sunrise Wizard</summary>
    <description lang="en">Sunrise Wizard </description>
    <platform>all</platform>
  </extension>
</addon>
