<window>
    <allowoverlay>yes</allowoverlay>   
    <onload>SetProperty(PTVL.DVR_Opened,true,10000)</onload>
    <onunload>SetProperty(PTVL.DVR_Opened,false,10000)</onunload>
    <onload condition="Control.IsVisible(9000)">ActivateWindow(10006)</onload><!-- Activate random window, workaround for videowindow starting paused -->
    <onunload>ActivateWindow(12005)</onunload>
    <zorder>1</zorder>
    <coordinates>
        <system>1</system>
        <posx>0</posx>
        <posy>0</posy>
    </coordinates>
    <controls>
        <control type="group">  
            <posx>0</posx>
            <posy>0</posy>
            <control type="image">
                <description>Loading Background AniImage</description>
                <width>1920</width>
                <height>1080</height>
                <texture>background.gif</texture>
                <align>center</align>
                <aligny>center</aligny>
                <!-- <visible>StringCompare($INFO[Window(10000).Property(PTVL.LOWPOWER)],true)</visible> -->
            </control> 
            <control type="image">
                <width>1920</width>
                <height>1080</height>
                <description>DVR Background</description>
                <texture>DVRbackground.png</texture>
                <colordiffuse>FFFFFFFF</colordiffuse>
                <animation effect="fade" start="85" end="85" condition="True">Conditional</animation>
            </control>         
            <control type="image">
                <width>1920</width>
                <height>1080</height>
                <animation effect="fade" start="25" end="25" condition="True">Conditional</animation>
                <texture colordiffuse="dd0c2134">overlays/vignette_full.png</texture>
            </control>        
        </control>
        <control type="grouplist">
            <posx>30</posx>
            <posy>15</posy>
            <itemgap>10</itemgap>
            <orientation>vertical</orientation>
            <animation effect="fade" start="95" end="95" condition="True">Conditional</animation>
            <control type="label"> 
                <description>Static VideoWindow Box Label</description>
                <width>360</width>       
                <height>24</height>
                <font>PTVL10</font>
                <textcolor>C0C0C0C0</textcolor>
                <shadowcolor>ff000000</shadowcolor>
                <align>center</align>
                <scroll>true</scroll>
                <scrollspeed>40</scrollspeed>
                <label>$INFO[Window(Home).Property(TrendingShows.1.TVShowTitle)]</label>    
                <visible>!Control.IsVisible(9000)</visible>
                <aligny>center</aligny>
            </control>
            <control type="image">
                <description>Static VideoWindow Box Art</description>
                <width>360</width>      
                <height>180</height>
                <align>center</align>
                <aligny>center</aligny>
                <aspectratio>keep</aspectratio>
                <texture fallback="fanart.png">$INFO[Window(Home).Property(TrendingShows.1.Fanart)]</texture>
                <visible>!Control.IsVisible(9000)</visible>
            </control>
        </control>   
        <control type="grouplist">
            <posx>30</posx>
            <posy>15</posy>
            <itemgap>10</itemgap>
            <orientation>vertical</orientation>
            <animation effect="fade" start="95" end="95" condition="True">Conditional</animation>
            <control type="label" id="9000"> 
                <description>VideoWindow Box Label</description>
                <width>360</width>       
                <height>24</height>
                <font>PTVL10</font>
                <textcolor>C0C0C0C0</textcolor>
                <shadowcolor>ff000000</shadowcolor>
                <align>center</align>
                <scroll>true</scroll>
                <scrollspeed>40</scrollspeed>
                <label>$INFO[Window(10000).Property(OVERLAY.Title)]</label>
                <visible>Control.IsVisible(9000)</visible>
                <aligny>center</aligny>
            </control>
            <control type="videowindow">
                <description>VideoWindow Box Art</description>
                <width>360</width>      
                <height>180</height>
                <align>center</align>
                <aligny>center</aligny>
                <aspectratio>keep</aspectratio>
                <visible>Control.IsVisible(9000)</visible>
            </control>
        </control>
        <control type="grouplist">              
            <posx>412</posx>
            <posy>259</posy>
            <itemgap>0</itemgap>
            <orientation>horizontal</orientation>
            <control type="button" id="6001">
                <description>EPG Label</description>            
                <width>377</width>
                <height>40</height>
                <label>EPG</label>
                <font>PTVL12</font>
                <align>center</align>
                <aligny>center</aligny>
                <textcolor>FFFFFFFF</textcolor>
                <shadowcolor>ff000000</shadowcolor>
                <texturenofocus>NA.png</texturenofocus>
                <texturefocus>EPGbuttonFocus.png</texturefocus>
            </control>               
            <control type="button" id="6002">
                <description>DVR Label</description>              
                <width>377</width>
                <height>40</height>
                <label>DVR</label>
                <font>PTVL12</font>
                <align>center</align>
                <aligny>center</aligny>
                <textcolor>FFFFFFFF</textcolor>
                <shadowcolor>ff000000</shadowcolor>
                <texturenofocus>NA.png</texturenofocus>
                <texturefocus>EPGbuttonFocus.png</texturefocus>
            </control>               
            <control type="button" id="6003">
                <description>VOD Label</description>               
                <width>376</width>
                <height>40</height>
                <label>VOD</label>
                <font>PTVL12</font>
                <align>center</align>
                <aligny>center</aligny>
                <textcolor>FFFFFFFF</textcolor>
                <shadowcolor>ff000000</shadowcolor>
                <texturenofocus>NA.png</texturenofocus>
                <texturefocus>EPGbuttonFocus.png</texturefocus>
            </control>               
            <control type="button" id="6004">
                <description>Apps Label</description>        
                <width>378</width>
                <height>40</height>
                <label>APP</label>
                <font>PTVL12</font>
                <align>center</align>
                <aligny>center</aligny>
                <textcolor>FFFFFFFF</textcolor>
                <shadowcolor>ff000000</shadowcolor>
                <texturenofocus>NA.png</texturenofocus>
                <texturefocus>EPGbuttonFocus.png</texturefocus>
            </control>   
        </control>          
        <control type="grouplist">
            <posx>5</posx>
            <posy>258</posy>
            <align>left</align>
            <orientation>horizontal</orientation>
            <itemgap>1</itemgap>  
            <control type="image">
                <description>PTVL RSS Feed Art</description>  
                <width>21</width>
                <height>35</height>
                <aspectratio>keep</aspectratio>
                <aligny>center</aligny>
                <align>left</align>
                <texture colordiffuse="C0C0C0C0">rss.png</texture>
                <visible>Control.IsVisible(505)</visible>
            </control>
            <control type="fadelabel" id="505">
                <description>PTVL RSS Feed Label</description>  
                <width>370</width>
                <height>35</height>
                <font>PTVL10</font>
                <aligny>center</aligny>
                <align>left</align>
                <scroll>true</scroll>
                <scrollout>true</scrollout>
                <pauseatend>900000</pauseatend>
                <angle>90</angle>
                <scrollspeed>40</scrollspeed>
                <textcolor>C0C0C0C0</textcolor>
                <shadowcolor>ff000000</shadowcolor>
                <textoffsetx>20</textoffsetx>
                <resetonlabelchange>true</resetonlabelchange>
                <label>$INFO[Window(10000).Property(twitter.1.label)]</label>
                <label>$INFO[Window(10000).Property(twitter.2.label)]</label>
                <label>$INFO[Window(10000).Property(twitter.3.label)]</label>
                <label>$INFO[Window(10000).Property(twitter.4.label)]</label>
            </control>           
            <control type="label">
                <description>PTVL RSS Feed Art</description>  
                <width>10</width>
                <height>35</height>
                <aspectratio>keep</aspectratio>
                <align>center</align>
                <aligny>center</aligny>
                <label>|</label>
                <font>PTVL10</font>
                <textcolor>C0C0C0C0</textcolor>
                <shadowcolor>ff000000</shadowcolor>
                <visible>Control.IsVisible(505)</visible>
            </control>  
        </control>
        <control type="grouplist">
            <posx>430</posx>
            <posy>20</posy>
            <width>1400</width>
            <orientation>horizontal</orientation>
            <itemgap>5</itemgap>
            <control type="label">
                <description>Show Title Label</description>
                <width min="5" max="1400">auto</width>
                <height>30</height>
                <font>PTVL13</font>
                <textcolor>FF0297eb</textcolor>
                <shadowcolor>ff000000</shadowcolor>
                <scroll>true</scroll>
                <align>left</align>
                <aligny>center</aligny>
                <wrapmultiline>false</wrapmultiline>
                <scrollspeed>40</scrollspeed>
                <scrollsuffix> - </scrollsuffix>
                <label>[COLOR=C0C0C0C0]$INFO[Window(10000).Property(EPG.DYNAMIC_LABEL)] : [/COLOR]$INFO[Window(10000).Property(EPG.Title)][COLOR=C0C0C0C0][B] · [/B][/COLOR][COLOR=FFFFFFFF]$INFO[Window(10000).Property(EPG.SEtitle)][/COLOR]</label>
            </control>
        </control>
        <control type="grouplist">
            <posx>430</posx>
            <posy>60</posy>
            <width>1400</width>
            <orientation>vertical</orientation>
            <itemgap>4</itemgap>
           <control type="image">
                <description>Seekbar Line</description>
                <posx>0</posx>
                <posy>0</posy> 
                <width>1400</width>
                <height>4</height>
                <texture border="0">seek/progress_mid.png</texture>
                <align>center</align>
                <aligny>center</aligny>
                <visible>!Control.IsVisible(5008)</visible>
            </control>
            <control type="group" id="5008">            
                <control type="progress">
                    <posx>0</posx>
                    <posy>0</posy>
                    <width>1400</width>
                    <height>4</height>
                    <texturebg>seek/progresscache_back.png</texturebg>
                    <lefttexture border="0">seek/progresscache_left.png</lefttexture>
                    <midtexture border="0">seek/progresscache_mid.png</midtexture>
                    <righttexture border="0">seek/progresscache_right.png</righttexture>
                    <align>center</align>
                    <aligny>center</aligny>
                    <info>Player.ProgressCache</info>
                    <visible>Control.IsVisible(5008)</visible>
                </control>
                <control type="progress">
                    <posx>0</posx>
                    <posy>0</posy>
                    <width>1400</width>
                    <height>4</height>
                    <texturebg>seek/progress_back.png</texturebg>
                    <lefttexture border="0">seek/progress_left.png</lefttexture>
                    <midtexture border="0">seek/progress_mid.png</midtexture>
                    <righttexture border="0">seek/progress_right.png</righttexture>
                    <align>center</align>
                    <aligny>center</aligny>
                    <info>Player.Progress</info>
                </control> 
            </control>  
            <control type="label">
                <description>Show Description</description>
                <width>1400</width>
                <height>90</height>
                <align>left</align>
                <aligny>bottom</aligny>
                <wrapmultiline>true</wrapmultiline>
                <textcolor>FFFFFFFF</textcolor>
                <shadowcolor>ff000000</shadowcolor>
                <font>PTVL12</font>
                <label>$INFO[Window(10000).Property(EPG.Description)]</label>
            </control> 
        </control> 
        <control type="image">
            <posx>30</posx>
            <posy>300</posy>
            <width>300</width>
            <height>300</height>
            <description>VOD Background</description>
            <texture>comingsoon.png</texture>
            <animation effect="fade" start="85" end="85" condition="True">Conditional</animation>
        </control>        
    </controls>
</window>
