<?xml version="1.0" encoding="UTF-8" standalone="yes"?>
<addon id="plugin.audio.soundcloud" name="SoundCloud" version="3.0.1" provider-name="jaylinski">
    <requires>
        <import addon="xbmc.python" version="2.25.0"/>
        <import addon="script.module.future" version="0.16.0"/>
        <import addon="script.module.requests" version="2.4.3"/>
    </requires>
    <extension point="xbmc.python.pluginsource" library="addon.py">
        <provides>audio</provides>
    </extension>
    <extension point="xbmc.service" library="service.py" />
    <extension point="xbmc.addon.metadata">
        <summary lang="de_DE">SoundCloud ist eine Musik- und Podcast-Streaming-Plattform, mit der Du Millionen von Songs aus der ganzen Welt anhören kannst.</summary>
		<summary lang="en_GB">SoundCloud is a music and podcast streaming platform that lets you listen to millions of songs from around the world.</summary>
        <language></language>
        <platform>all</platform>
        <license>MIT</license>
        <forum>https://forum.kodi.tv/showthread.php?tid=206635</forum>
        <website>https://soundcloud.com</website>
        <source>https://github.com/jaylinski/kodi-addon-soundcloud</source>
        <news>3.0.1 (2019-08-16)
[fix] Fixed sharing via Yatse remote
[fix] Fixed sharing of mobile URLs (m.soundcloud.com)
[lng] Improved German translations
[upd] Improved search
        </news>
        <assets>
            <icon>resources/icon.png</icon>
            <fanart>resources/fanart.jpg</fanart>
        </assets>
    </extension>
</addon>
