<!-- plugin.program.newscenter - Bulilist - START -->
<!-- Confluence Skin adapted -->
<window>
        <defaultcontrol always="true">10</defaultcontrol>
        <include>dialogeffect</include>
        <controls>
                <control type="group" id="576757">
                        <left>235</left>
                        <top>10</top>
                        <width>810</width>
                        <height>700</height>

                        <control type="image">
                                <description>background image</description>
                                <left>0</left>
                                <top>0</top>
                                <width>810</width>
                                <height>700</height>
                                <texture border="40">ConfluenceDialogBack2.png</texture>
                        </control>
                        <control type="image">
                                <description>Dialog Header image</description>
                                <left>40</left>
                                <top>16</top>
                                <width>730</width>
                                <height>40</height>
                                <texture>ConfluenceDialogHeader.png</texture>
                        </control>
                        <control type="label" id="1">
                                <description>header label</description>
                                <left>40</left>
                                <top>20</top>
                                <width>730</width>
                                <height>30</height>
                                <font>font13_title</font>
                                <label>$ADDON[plugin.program.newscenter  30200]</label>  
                       <!--         <label>$ADDON[plugin.program.tvhighlights  30100]</label>  -->
                                <align>center</align>
                                <aligny>center</aligny>
                                <textcolor>selected</textcolor>
                                <shadowcolor>black</shadowcolor>
                        </control>

                        <control type="label">
                                <left>20</left>
                                <top>60</top>
                                <width>770</width>
                                <height>36</height>
                                <font>font24_title</font>
                                <label>$ADDON[plugin.program.newscenter  30200] $INFO[Window(Home).Property(NewsCenter.Buli.LigaInfo)]. $ADDON[plugin.program.newscenter  30199]</label>
                                <align>center</align>
                                <aligny>center</aligny>
                        </control>



                        <control type="button" id="855655">
                                <description>Close Window button</description>
                                <left>720</left>
                                <top>15</top>
                                <width>64</width>
                                <height>32</height>
                                <label>-</label>
                                <font>-</font>
                                <onclick>PreviousMenu</onclick>
                                <texturefocus>DialogCloseButton-focus.png</texturefocus>
                                <texturenofocus>DialogCloseButton.png</texturenofocus>
                                <onleft>10</onleft>
                                <onright>10</onright>
                                <onup>10</onup>
                                <ondown>77377</ondown>
                                <visible>system.getbool(input.enablemouse)</visible>
                        </control>





                        <control type="list" id="77377">
                                <left>30</left>
                                <top>120</top>
                                <width>860</width>
                                <height>470</height>
                                <onleft>10</onleft>
                                <onright>855655</onright>
                                <viewtype label="535">list</viewtype>
                                <pagecontrol>-</pagecontrol>
                                <scrolltime>200</scrolltime>
                                <orientation>Vertikal</orientation>
                                <itemlayout height="60" width="800">
                                    <control type="image">
                                              <left>5</left>
                                              <top>0</top>
                                              <width>40</width>
                                              <height>40</height>
                                              <texture border="0">$INFO[ListItem.Icon]</texture>
                                    </control>
            
                                    <control type="label">
                                              <left>70</left>
                                              <top>15</top>
                                              <width>180</width>
                                              <height>10</height>
                                              <font>font12</font>
                                              <label>$INFO[ListItem.Property(Platz)]</label>
                                              <align>left</align>
                                              <aligny>center</aligny>
                                              <scroll>true</scroll>
                                              <scrollspeed>50</scrollspeed>
                                    </control>
            
                                    <control type="label">
                                              <left>100</left>
                                              <top>15</top>
                                              <width>220</width>
                                              <height>10</height>
                                              <font>font12</font>
                                              <label>$INFO[ListItem.Label]</label>
                                              <align>left</align>
                                              <aligny>center</aligny>
                                              <scroll>true</scroll>
                                              <scrollspeed>50</scrollspeed>
                                    </control>
           
                                    <control type="label">
                                              <left>360</left>
                                              <top>15</top>
                                              <width>60</width>
                                              <height>10</height>
                                              <font>font12</font>
                                              <label>$INFO[ListItem.Property(Spiele)]</label>
                                              <align>left</align>
                                              <aligny>center</aligny>
                                              <scroll>true</scroll>
                                              <scrollspeed>50</scrollspeed>
                                    </control>
 
 
                                    <control type="label">
                                              <left>420</left>
                                              <top>15</top>
                                              <width>360</width>
                                              <height>10</height>
                                              <font>font12</font>
                                              <label>$INFO[ListItem.Property(SUN)]</label>
                                              <align>left</align>
                                              <aligny>center</aligny>
                                              <scroll>true</scroll>
                                              <scrollspeed>50</scrollspeed>
                                    </control>
            
                                    <control type="label">
                                              <left>520</left>
                                              <top>15</top>
                                              <width>100</width>
                                              <height>10</height>
                                              <font>font12</font>
                                              <label>$INFO[ListItem.Property(Tore)]</label>
                                              <align>left</align>
                                              <aligny>center</aligny>
                                              <scroll>true</scroll>
                                              <scrollspeed>50</scrollspeed>
                                    </control>
                      
                                    <control type="label">
                                              <left>650</left>
                                              <top>15</top>
                                              <width>100</width>
                                              <height>10</height>
                                              <font>font12</font>
                                              <label>$INFO[ListItem.Property(Punkte)]</label>
                                              <align>left</align>
                                              <aligny>center</aligny>
                                              <scroll>true</scroll>
                                              <scrollspeed>50</scrollspeed>
                                    </control>
 
                                    <control type="image">
                                              <left>700</left>
                                              <top>15</top>
                                              <width>41</width>
                                              <height>11</height>
                                              <texture border="0">$INFO[ListItem.Property(StatPic)]</texture>
                                    </control>


                                </itemlayout>
                                <focusedlayout height="60" width="800">
                                    <control type="image">
                                              <left>5</left>
                                              <top>0</top>
                                              <width>40</width>
                                              <height>40</height>
                                              <texture border="0">$INFO[ListItem.Icon]</texture>
                                    </control>
            
                                    <control type="label">
                                              <left>70</left>
                                              <top>15</top>
                                              <width>180</width>
                                              <height>10</height>
                                              <font>font12</font>
                                              <label>$INFO[ListItem.Property(Platz)]</label>
                                              <align>left</align>
                                              <aligny>center</aligny>
                                              <textcolor>blue</textcolor>
                                              <scroll>true</scroll>
                                              <scrollspeed>50</scrollspeed>
                                    </control>
            
                                    <control type="label">
                                              <left>100</left>
                                              <top>15</top>
                                              <width>220</width>
                                              <height>10</height>
                                              <font>font12_title</font>
                                              <label>$INFO[ListItem.Label]</label>
                                              <textcolor>blue</textcolor>
                                              <align>left</align>
                                              <aligny>center</aligny>
                                              <scroll>true</scroll>
                                              <scrollspeed>50</scrollspeed>
                                    </control>
           
                                    <control type="label">
                                              <left>360</left>
                                              <top>15</top>
                                              <width>60</width>
                                              <height>10</height>
                                              <font>font12</font>
                                              <textcolor>blue</textcolor>
                                              <label>$INFO[ListItem.Property(Spiele)]</label>
                                              <align>left</align>
                                              <aligny>center</aligny>
                                              <scroll>true</scroll>
                                              <scrollspeed>50</scrollspeed>
                                    </control>
 
 
                                    <control type="label">
                                              <left>420</left>
                                              <top>15</top>
                                              <width>360</width>
                                              <height>10</height>
                                              <font>font12</font>
                                              <label>$INFO[ListItem.Property(SUN)]</label>
                                              <textcolor>blue</textcolor>
                                              <align>left</align>
                                              <aligny>center</aligny>
                                              <scroll>true</scroll>
                                              <scrollspeed>50</scrollspeed>
                                    </control>
            
                                    <control type="label">
                                              <left>520</left>
                                              <top>15</top>
                                              <width>100</width>
                                              <height>10</height>
                                              <font>font12</font>
                                              <label>$INFO[ListItem.Property(Tore)]</label>
                                              <textcolor>blue</textcolor>
                                              <align>left</align>
                                              <aligny>center</aligny>
                                              <scroll>true</scroll>
                                              <scrollspeed>50</scrollspeed>
                                    </control>
                      
                                    <control type="label">
                                              <left>650</left>
                                              <top>15</top>
                                              <width>100</width>
                                              <height>10</height>
                                              <font>font12</font>
                                              <label>$INFO[ListItem.Property(Punkte)]</label>
                                              <textcolor>blue</textcolor>
                                              <align>left</align>
                                              <aligny>center</aligny>
                                              <scroll>true</scroll>
                                              <scrollspeed>50</scrollspeed>
                                    </control>
 
                                    <control type="image">
                                              <left>700</left>
                                              <top>15</top>
                                              <width>41</width>
                                              <height>11</height>
                                              <texture border="0">$INFO[ListItem.Property(StatPic)]</texture>
                                    </control>





                                </focusedlayout>
                                <content>plugin://plugin.program.newscenter?methode=get_buli_table_items&buliliga=$INFO[Window(Home).Property(NewsCenter.Buli.LigaInfo)]</content> 
            <!--  E N D E - NR 1 -->
            
                        </control>


                        <control type="button" id="10">
                                <description>Yes button</description>
                                <left>305</left>
                                <top>635</top>
                                <width>200</width>
                                <height>40</height>
                                <label>Schließen</label>
                                <font>font12_title</font>
                                <textcolor>white</textcolor>
                                <focusedcolor>white</focusedcolor>
                                <align>center</align>
                                <onleft>10</onleft>
                                <onright>10</onright>
                                <onup>77377</onup>
                                <ondown>855655</ondown>
                                <onclick>PreviousMenu</onclick>
                        </control>




                </control>

        </controls>

</window>

