<?xml version="1.0" encoding="UTF-8"?>
<addon id="plugin.audio.grooveshark1"
       name="GrooveShark1"
       version="0.0.9"
       provider-name="hgarcia/eseffair">
    <requires>
        <import addon="xbmc.python" version="2.1.0"/>
    </requires>
    <extension point="xbmc.python.pluginsource" library="default.py">
        <provides>audio</provides>
    </extension>
    <extension point="xbmc.addon.metadata">
        <summary></summary>
        <description></description>
        <platform>all</platform>
    </extension>
</addon>