﻿<?xml version="1.0" encoding="UTF-8" standalone="yes"?>
<addon id="repository.xbmcnerds"
        name="xbmcnerds.com Add-ons"
        version="2.0.0"
        provider-name="jugger">
    <extension point="xbmc.addon.repository"
        name="xbmcnerds.com Add-on Repository">
		<info>http://repo.skinquantum.de/repo/addons.xml</info>		      
		<checksum>http://repo.skinquantum.de/repo/addons.xml.md5</checksum>		          
		<datadir zip="true">http://repo.skinquantum.de/repo</datadir>
	</extension>
	<extension point="xbmc.addon.metadata">
		<summary>Install add-ons from xbmcnerds</summary>
		<summary lang="de">Installiere Add-ons von xbmcnerds</summary>
		<description>download and install add-ons from repository-xbmcnerds addon-repository.</description>
		<description lang="de">Downloade und installiere Add-ons vom repository-xbmcnerds Add-on-Repository.</description>
		<disclaimer>xbmcnerds.com hat die Add-ons nicht selber erstellt und haftet nicht für deren Inhalt.</disclaimer>
		<platform>all</platform>
	</extension>
</addon>

