<?xml version="1.0" encoding="UTF-8"?>
<addon id="plugin.video.animeanime"  version="0.1.0.49"  name="Anime"  provider-name="Jin">
  <requires>
   <import addon="xbmc.python" version="2.1.0"/>
   <import addon="script.module.requests" version="2.3.0"/>
   <import addon="script.module.beautifulsoup4" version="4.3.2"/>
   <import addon="script.module.cryptopy" version="1.2.6"/>
  </requires>
  <extension 
    point="xbmc.python.pluginsource"
    library="anime.py">
   <provides>video</provides>
  </extension>
  <extension point="xbmc.addon.metadata">
    <summary>Anime Stream Base</summary>
    <description>All in One Anime Addon</description>
    <platform>all</platform>
  </extension>
</addon>
