<?xml version="1.0" encoding="UTF-8"?>
<addon id="plugin.video.my_music_tv" name="My Music TV" version="1.0.6" provider-name="AddonScriptorDE">
    <requires>
        <import addon="xbmc.python" version="2.1.0"/>
        <import addon="plugin.video.youtube" version="3.0.0"/>
    </requires>
    <extension point="xbmc.python.pluginsource" library="default.py">
        <provides>video audio</provides>
    </extension>
    <extension point="xbmc.addon.metadata">
        <platform>all</platform>
        <summary lang="en">Create your own music video channels based on multiple sources</summary>
        <language></language>
        <description lang="en">Create your own music video channels based on multiple sources</description>
        <disclaimer lang="en">Some parts of this addon may not be legal in your country of residence - please check with your local laws before installing.</disclaimer>
        <license>GNU GENERAL PUBLIC LICENSE. Version 2, June 1991</license>
        <source>https://github.com/AddonScriptorDE/plugin.video.my_music_tv</source>
        <forum>http://forum.xbmc.org/showthread.php?tid=</forum>
        <email>AddonScriptorDE at yahoo dot de</email>
        <website></website>
    </extension>
</addon>
