<?xml version="1.0" encoding="UTF-8"?>
<window>
	<defaultcontrol always="true">49</defaultcontrol>
	<menucontrol>9000</menucontrol>
        <onload>Container.SetViewMode($INFO[skin.string(TVview.Mode)])</onload>
<!--        <onunload>Skin.SetString(TVview.Mode,"50")</onunload> -->
	<views>50,51,5010,5060,5734,5732,5733,5735</views>
	<controls>
		<include>CommonBackground</include>
		<control type="image">
			<left>0</left>
			<top>100r</top>
			<width>1280</width>
			<height>100</height>
			<texture>floor.png</texture>
			<animation effect="fade" time="200" condition="Window.Previous(Home)">WindowOpen</animation>
			<animation effect="fade" time="200" condition="Window.Next(Home)">WindowClose</animation>
		</control>
		<control type="group">
			<include>Window_OpenClose_Animation</include>
			<include>VisibleFadeEffect</include>
			<control type="group">
				<visible>![!String.IsEmpty(Window.Property(IsRadio)) + System.GetBool(PVRPlayback.EnableRadioRDS) + !Skin.HasSetting(HideEPGwithRDS)]</visible>
				<control type="image">
					<left>50</left>
					<top>60</top>
					<width>1200</width>
					<height>600</height>
					<texture border="15">ContentPanel.png</texture>
				</control>
			</control>
			<control type="group">
				<visible>!String.IsEmpty(Window.Property(IsRadio)) + System.GetBool(PVRPlayback.EnableRadioRDS) + !Skin.HasSetting(HideEPGwithRDS)</visible>
				<control type="image">
					<left>50</left>
					<top>60</top>
					<width>1200</width>
					<height>600</height>
					<texture border="15">ContentPanel.png</texture>
				</control>
			</control>
			<control type="image">
				<left>50</left>
				<top>652</top>
				<width>1200</width>
				<height>64</height>
				<texture border="15">ContentPanelMirror.png</texture>
			</control>
		</control>
		<include>MainWindowMouseButtons</include>
		<include>PVRHeader</include>

        <control type="group" id="49">
                <include>Window_OpenClose_Animation</include>
                <include>PVRChannelsListDreamView</include>
                <include>ChannelList2</include>
                <include>PVRChannelsListView</include>


                        <include>Posters</include> 
                        <!-- view id = 5010 -->
                        <include>TVPosters</include>
                        <!-- view id = 5020 -->
                        <include>AllWidthList</include>
                        <!-- view id = 5060 -->
                        <include>AeonMQ5</include>
                        <!-- view id = 5733 -->
                        <include>ViewShelf</include>
                        <!-- view id = 5734 -->
                        <include>EPGPlotoutline</include>
                        <!-- view id = 5735 -->
                        <include>AeonNox5</include>
                        <!-- view id = 5736 -->
                        <include>BoxView</include>
                        <!-- view id = 5737 -->
                        <include>View3DWall</include>
                        <!-- view id = 67 -->
                        <include>TVFullWallView</include>
                        <!-- view id = 5732 -->



        </control>





		<control type="group">
			<depth>DepthFooter</depth>
			<include>CommonNowPlaying</include>
		</control>
		<include>BehindDialogFadeOut</include>
		<include>ScrollOffsetLabel</include>
		<control type="image">
			<left>0</left>
			<top>0</top>
			<width>1280</width>
			<height>720</height>
			<texture>black-back.png</texture>
			<animation effect="fade" time="300">Visible</animation>
			<animation effect="fade" time="150">Hidden</animation>
			<visible>Window.IsActive(FileBrowser) | Window.IsActive(PVRGuideInfo) | Window.IsActive(PVRRecordingInfo) | Window.IsActive(PVRTimerSetting) | Window.IsActive(PVRGroupManager) | Window.IsActive(PVRGuideSearch)</visible>
		</control>
		<include>PVRSideBlade</include>
	</controls>
</window>
