<?xml version="1.0" encoding="UTF-8"?>
<includes>
        <include name="HomeRecentlyAddedRadioStations">
                        <control type="group" id="57771">
                                <left>160</left>
                                <top>50</top>
                                <visible>Container(9000).Hasfocus(13) + !Skin.HasSetting(HomepageHideRecentlyAddedVideo)</visible>
                                <include>VisibleFadeEffect</include>
                                <control type="label">
                                        <description>Title label</description>
                                        <left>240</left>
                                        <top>230</top>
                                        <height>20</height>
                                        <width>480</width>
                                        <label>Radio Sender</label>
                                        <align>center</align>
                                        <aligny>center</aligny>
                                        <font>font12_title</font>
                                        <textcolor>white</textcolor>
                                        <shadowcolor>black</shadowcolor>
                                </control>




                                <control type="list" id="58051">
                                        <animation effect="slide" start="0,0" end="120,0" time="0" condition="String.IsEqual(Container(58051).NumItems,3)">conditional</animation>
                                        <animation effect="slide" start="0,0" end="240,0" time="0" condition="String.IsEqual(Container(58051).NumItems,2)">conditional</animation>
                                        <animation effect="slide" start="0,0" end="360,0" time="0" condition="String.IsEqual(Container(58051).NumItems,1)">conditional</animation>
                                        <left>0</left>
                                        <top>0</top>
                                        <width>960</width>
                                        <height>270</height>
                                        <onleft>58051</onleft>
                                        <onright>58051</onright>
                                        <onup>20</onup>
                                        <ondown condition="System.HasAddon(script.globalsearch)">608</ondown>
                                        <ondown condition="!System.HasAddon(script.globalsearch)">603</ondown>
                                        <viewtype label="535">list</viewtype>
                                        <pagecontrol>-</pagecontrol>
                                        <scrolltime>200</scrolltime>
                                        <orientation>Horizontal</orientation>
                                        <itemlayout height="220" width="240">
                                                <control type="image">
                                                        <description>background</description>
                                                        <left>0</left>
                                                        <top>0</top>
                                                        <width>240</width>
                                                        <height>230</height>
                                                        <texture border="15">RecentAddedBack.png</texture>
                                                </control>
                                                <control type="image">
                                                        <left>10</left>
                                                        <top>10</top>
                                                        <width>220</width>
                                                        <height>155</height>
                                                        <aspectratio>scale</aspectratio>
                                                        <texture background="true">$INFO[ListItem.Thumb]</texture>
                                                        <bordertexture border="5">button-nofocus.png</bordertexture>
                                                        <bordersize>5</bordersize>
                                                </control>



                                                <control type="image">
                                                        <left>20</left>
                                                        <top>175</top>
                                                        <width>80</width>
                                                        <height>80</height>
                                                        <aspectratio>keep</aspectratio>
                                                        <align>left</align>
                                                        <aligny>top</aligny>

                                                        <texture background="false">$INFO[ListItem.ActualIcon]</texture>
                                                        <bordersize>5</bordersize>
                                                </control>

                                                <control type="label" id="movietitle">
                                                        <left>20</left>
                                                        <top>180</top>
                                                        <width>200</width>
                                                        <height>20</height>
                                                        <font>font12</font>
                                                        <textcolor>white</textcolor>
                                                        <shadowcolor>black</shadowcolor>
                                                        <selectedcolor>selected</selectedcolor>
                                                        <align>center</align>
                                                        <aligny>center</aligny>
                                                        <label>$INFO[ListItem.Label]</label>
                                                </control>


                                        </itemlayout>
                                        <focusedlayout height="220" width="240">
                                                <control type="image">
                                                        <description>background</description>
                                                        <left>0</left>
                                                        <top>0</top>
                                                        <width>240</width>
                                                        <height>230</height>
                                                        <texture border="15">RecentAddedBack.png</texture>
                                                </control>
                                                <control type="image">
                                                        <left>10</left>
                                                        <top>10</top>
                                                        <width>220</width>
                                                        <height>155</height>
                                                        <aspectratio>scale</aspectratio>
                                                        <texture background="true">$INFO[ListItem.Icon]</texture>
                                                        <bordertexture border="5">folder-focus.png</bordertexture>
                                                        <bordersize>5</bordersize>
                                                        <visible>Control.HasFocus(58051)</visible>
                                                </control>
                                                <control type="image">
                                                        <left>10</left>
                                                        <top>10</top>
                                                        <width>220</width>
                                                        <height>155</height>
                                                        <aspectratio>scale</aspectratio>
                                                        <texture>$INFO[ListItem.Icon]</texture>
                                                        <bordertexture border="5">button-nofocus.png</bordertexture>
                                                        <bordersize>5</bordersize>
                                                        <visible>!Control.HasFocus(58051)</visible>
                                                </control>
                                                <control type="image">
                                                        <left>20</left>
                                                        <top>175</top>
                                                        <width>80</width>
                                                        <height>80</height>
                                                        <aspectratio>keep</aspectratio>
                                                        <texture background="false">$INFO[ListItem.ActualIcon]</texture>
                                                        <bordersize>0</bordersize>
                                                </control>



                                                <control type="label">
                                                        <left>120</left>
                                                        <top>195</top>
                                                        <width>100</width>
                                                        <height>20</height>
                                                        <font>font10</font>
                                                        <textcolor>grey2</textcolor>
                                                        <shadowcolor>black</shadowcolor>
                                                        <selectedcolor>selected</selectedcolor>
                                                        <align>right</align>
                                                        <aligny>top</aligny>
                                                        <label>$INFO[ListItem.Label2]</label>
                                                </control>
                                                <control type="label">
                                                        <left>20</left>
                                                        <top>180</top>
                                                        <width>200</width>
                                                        <height>20</height>
                                                        <font>font12</font>
                                                        <textcolor>white</textcolor>
                                                        <shadowcolor>black</shadowcolor>
                                                        <selectedcolor>selected</selectedcolor>
                                                        <align>center</align>
                                                        <aligny>center</aligny>
                                                        <label>$INFO[ListItem.Label]</label>
                                                        <visible>!Control.HasFocus(58051)</visible>
                                                </control>
                                                <control type="label">
                                                        <left>20</left>
                                                        <top>180</top>
                                                        <width>200</width>
                                                        <height>20</height>
                                                        <font>font12</font>
                                                        <textcolor>blue</textcolor>
                                                        <selectedcolor>selected</selectedcolor>
                                                        <align>center</align>
                                                        <aligny>center</aligny>
                                                        <label>$INFO[ListItem.Label]</label>
                                                        <visible>Control.HasFocus(58051)</visible>
                                                </control>


                                        </focusedlayout>
                                        <content>plugin://plugin.audio.radio_de/stations/my/</content>
                                </control>
                                <control type="button">
                                        <description>left Arrow</description>
                                        <left>-40</left>
                                        <top>90</top>
                                        <width>30</width>
                                        <height>40</height>
                                        <texturefocus>arrow-big-left.png</texturefocus>
                                        <texturenofocus>arrow-big-left.png</texturenofocus>
                                        <onclick>Control.Move(58051,-1)</onclick>
                                        <visible>Control.HasFocus(58051) + Container(58051).HasPrevious</visible>
                                        <include>VisibleFadeEffect</include>
                                </control>
                                <control type="button">
                                        <description>right Arrow</description>
                                        <left>970</left>
                                        <top>90</top>
                                        <width>30</width>
                                        <height>40</height>
                                        <texturefocus>arrow-big-right.png</texturefocus>
                                        <texturenofocus>arrow-big-right.png</texturenofocus>
                                        <onclick>Control.Move(58051,1)</onclick>
                                        <visible>Control.HasFocus(58051) + Container(58051).HasNext</visible>
                                        <include>VisibleFadeEffect</include>
                                </control>
                        </control>
	</include>
</includes>


