<?xml version="1.0" encoding="UTF-8"?>
<includes>
        <include name="HomeRecentlyAddedSkygo">

			<control type="group">
				<left>190</left>
				<top>50</top>
				
				<visible>Container(9000).Hasfocus(50507) + !Skin.HasSetting(HomepageHideRecentlyAddedVideo)</visible>
				<include>VisibleFadeEffect</include>
				<control type="label">
					<description>Title label</description>
					<left>180</left>
					<top>220</top>
					<height>20</height>
					<width>540</width>
					<label>Neues bei Skygo</label>
					<align>center</align>
					<aligny>center</aligny>
					<font>font12_title</font>
					<textcolor>white</textcolor>
					<shadowcolor>black</shadowcolor>
				</control>
				<control type="list" id="8000">
					<animation effect="slide" start="0,0" end="90,0" time="0" condition="String.IsEqual(Container(8000).NumItems,4)">conditional</animation>
					<animation effect="slide" start="0,0" end="180,0" time="0" condition="String.IsEqual(Container(8000).NumItems,3)">conditional</animation>
					<animation effect="slide" start="0,0" end="270,0" time="0" condition="String.IsEqual(Container(8000).NumItems,2)">conditional</animation>
					<animation effect="slide" start="0,0" end="360,0" time="0" condition="String.IsEqual(Container(8000).NumItems,1)">conditional</animation>
					<left>0</left>
					<top>0</top>
					<width>900</width>
					<height>220</height>
					<onleft>8000</onleft>
					<onright>8000</onright>
					<onup>20</onup>
					<ondown condition="System.HasAddon(script.globalsearch)">608</ondown>
					<ondown condition="!System.HasAddon(script.globalsearch)">603</ondown>
					<viewtype label="535">list</viewtype>
					<pagecontrol>-</pagecontrol>
					<scrolltime>200</scrolltime>
					<orientation>Horizontal</orientation>
					<itemlayout height="220" width="180">
						<control type="image">
							<description>background</description>
							<left>0</left>
							<top>0</top>
							<width>180</width>
							<height>220</height>
							<texture border="15">RecentAddedBack.png</texture>
						</control>
						<control type="image">
							<left>10</left>
							<top>10</top>
							<width>160</width>
							<height>170</height>
							<texture background="true">$INFO[ListItem.Icon]</texture>
							<aspectratio>keep</aspectratio>
							<bordertexture border="5">button-nofocus.png</bordertexture>
							<bordersize>5</bordersize>
						</control>
						<control type="label">
							<left>15</left>
							<top>185</top>
							<width>150</width>
							<height>20</height>
							<font>font12</font>
							<textcolor>white</textcolor>
							<shadowcolor>black</shadowcolor>
							<selectedcolor>selected</selectedcolor>
							<align>center</align>
							<aligny>center</aligny>
							<label>$INFO[ListItem.Label]</label>
						</control>
					</itemlayout>
					<focusedlayout height="220" width="180">
						<control type="image">
							<description>background</description>
							<left>0</left>
							<top>0</top>
							<width>180</width>
							<height>220</height>
							<texture border="15">RecentAddedBack.png</texture>
						</control>
						<control type="image">
							<left>10</left>
							<top>10</top>
							<width>160</width>
							<height>170</height>
							<texture background="true">$INFO[ListItem.Icon]</texture>
							<aspectratio>keep</aspectratio>
							<bordertexture border="5">folder-focus.png</bordertexture>
							<bordersize>5</bordersize>
							<visible>Control.HasFocus(8000)</visible>
						</control>
						<control type="image">
							<left>10</left>
							<top>10</top>
							<width>160</width>
							<height>170</height>
							<texture>$INFO[ListItem.Icon]</texture>
							<aspectratio>keep</aspectratio>
							<bordertexture border="5">button-nofocus.png</bordertexture>
							<bordersize>5</bordersize>
							<visible>!Control.HasFocus(8000)</visible>
						</control>
						<control type="label">
							<left>15</left>
							<top>185</top>
							<width>150</width>
							<height>20</height>
							<font>font12</font>
							<textcolor>white</textcolor>
							<shadowcolor>black</shadowcolor>
							<selectedcolor>selected</selectedcolor>
							<align>center</align>
							<aligny>center</aligny>
							<label>$INFO[ListItem.Label]</label>
							<visible>!Control.HasFocus(8000)</visible>
						</control>
						<control type="label">
							<left>15</left>
							<top>185</top>
							<width>150</width>
							<height>20</height>
							<font>font12</font>
							<textcolor>blue</textcolor>
							<selectedcolor>selected</selectedcolor>
							<align>center</align>
							<aligny>center</aligny>
							<label>$INFO[ListItem.Label]</label>
							<visible>Control.HasFocus(8000)</visible>
						</control>
					</focusedlayout>
					<!--<content>plugin://plugin.video.skygo.de/?action=listing&path=%2Fsg%2Fmultiplatform%2Fweb%2Fjson%2Fautomatic_listing%2Ffilm%2Fnewreleases%2F64_p1.json</content>-->
					<content>plugin://plugin.video.skygo.de/?action=listPage&path=%2Fsg%2Fmultiplatform%2Fipad%2Fjson%2Flandingpage%2F32.json</content>
				</control>
				<control type="button">
					<description>left Arrow</description>
					<left>-40</left>
					<top>90</top>
					<width>30</width>
					<height>40</height>
					<texturefocus>arrow-big-left.png</texturefocus>
					<texturenofocus>arrow-big-left.png</texturenofocus>
					<onclick>Control.Move(8000,-1)</onclick>
					<visible>Control.HasFocus(8000) + Container(8000).HasPrevious</visible>
					<include>VisibleFadeEffect</include>
				</control>
				<control type="button">
					<description>right Arrow</description>
					<left>910</left>
					<top>90</top>
					<width>30</width>
					<height>40</height>
					<texturefocus>arrow-big-right.png</texturefocus>
					<texturenofocus>arrow-big-right.png</texturenofocus>
					<onclick>Control.Move(8000,1)</onclick>
					<visible>Control.HasFocus(8000) + Container(8000).HasNext</visible>
					<include>VisibleFadeEffect</include>
				</control>
			</control>
            </include>
</includes>


