<?xml version="1.0" encoding="UTF-8"?>
<includes>
        <include name="HomeRecentlyAddedNewsInfo">
                        <control type="group" id="5999">
                                <left>160</left>
                                <top>50</top>
                                <visible>Container(9000).Hasfocus(50505) + !Skin.HasSetting(HomepageHideRecentlyAddedVideo)</visible>
                                <include>VisibleFadeEffect</include>
                                <control type="label">
                                        <description>Title label</description>
                                        <left>240</left>
                                        <top>310</top>
                                        <height>20</height>
                                        <width>480</width>
                                   <!--     <label>58010</label> -->
                                        <label>$ADDON[plugin.program.tvhighlights  576762]</label>
                                        <align>center</align>
                                        <aligny>center</aligny>
                                        <font>font12_title</font>
                                        <textcolor>white</textcolor>
                                        <shadowcolor>black</shadowcolor>
                                </control>




                                <control type="list" id="77777">
                                        <animation effect="slide" start="0,0" end="120,0" time="0" condition="String.IsEqual(Container(77777).NumItems,3)">conditional</animation>
                                        <animation effect="slide" start="0,0" end="240,0" time="0" condition="String.IsEqual(Container(77777).NumItems,2)">conditional</animation>
                                        <animation effect="slide" start="0,0" end="360,0" time="0" condition="String.IsEqual(Container(77777).NumItems,1)">conditional</animation>
                                        <left>0</left>
                                        <top>0</top>
                                        <width>960</width>
                                        <height>330</height>
                                        <onleft>77777</onleft>
                                        <onright>77777</onright>
                                        <onup>20</onup>
                                        <ondown condition="System.HasAddon(script.globalsearch)">608</ondown>
                                        <ondown condition="!System.HasAddon(script.globalsearch)">603</ondown>
                                        <viewtype label="535">list</viewtype>
                                        <pagecontrol>-</pagecontrol>
                                        <scrolltime>200</scrolltime>
                                        <orientation>Horizontal</orientation>
                                        <itemlayout height="220" width="240">
                                                <control type="image">
                                                        <description>background</description>
                                                        <left>0</left>
                                                        <top>0</top>
                                                        <width>240</width>
                                                        <height>310</height>
                                                        <texture border="15">RecentAddedBack.png</texture>
                                                </control>
                                                <control type="image">
                                                        <left>10</left>
                                                        <top>10</top>
                                                        <width>220</width>
                                                        <height>155</height>
                                                        <aspectratio>scale</aspectratio>
                                                        <texture background="true">$INFO[ListItem.Thumb]</texture>
                                                        <bordertexture border="5">button-nofocus.png</bordertexture>
                                                        <bordersize>5</bordersize>
                                                </control>



                                                <control type="label" id="starttime">
                                                        <left>100</left>
                                                        <top>195</top>
                                                        <width>100</width>
                                                        <height>20</height>
                                                        <font>font10</font>
                                                        <textcolor>grey2</textcolor>
                                                        <shadowcolor>black</shadowcolor>
                                                        <selectedcolor>selected</selectedcolor>
                                                        <align>right</align>
                                                        <aligny>top</aligny>
                                                        <label>$INFO[ListItem.Label2]</label>
                                                </control>
                                                <control type="label" id="movietitle">
                                                        <left>20</left>
                                                        <top>168</top>
                                                        <width>200</width>
                                                        <height>20</height>
                                                        <font>font12</font>
                                                        <textcolor>white</textcolor>
                                                        <shadowcolor>black</shadowcolor>
                                                        <selectedcolor>selected</selectedcolor>
                                                        <align>center</align>
                                                        <aligny>center</aligny>
                                                        <label>$INFO[ListItem.Label]</label>
                                                </control>
                                                <control type="textbox" id="moviecomment">
                                                        <left>20</left>
                                                        <top>210</top>
                                                        <width>320</width>
                                                        <height>100</height>
                                                        <font>font12</font>
                                                        <textcolor>grey2</textcolor>
                                                        <shadowcolor>black</shadowcolor>
                                                        <selectedcolor>selected</selectedcolor>
                                                        <align>left</align>
                                                        <aligny>top</aligny>
                                                        <label>$INFO[ListItem.Property(comment)]</label>

                                                </control>


                                        </itemlayout>
                                        <focusedlayout height="330" width="960">
                                                <control type="image">
                                                        <description>background</description>
                                                        <left>0</left>
                                                        <top>0</top>
                                                        <width>960</width>
                                                        <height>330</height>
                                                        <texture border="15">RecentAddedBack.png</texture>
                                                </control>
                                                <control type="image">
                                                        <left>30</left>
                                                        <top>30</top>
                                                        <width>383</width>
                                                        <height>270</height>
                                                        <aspectratio>scale</aspectratio>
                                                        <texture background="true">$INFO[ListItem.Icon]</texture>
                                                        <bordertexture border="5">folder-focus.png</bordertexture>
                                                        <bordersize>5</bordersize>
                                                        <visible>Control.HasFocus(77777)</visible>
                                                </control>
                                                <control type="image">
                                                        <left>30</left>
                                                        <top>30</top>
                                                        <width>383</width>
                                                        <height>270</height>
                                                        <aspectratio>scale</aspectratio>
                                                        <texture>$INFO[ListItem.Icon]</texture>
                                                        <bordertexture border="5">button-nofocus.png</bordertexture>
                                                        <bordersize>5</bordersize>
                                                        <visible>!Control.HasFocus(77777)</visible>
                                                </control>


                                                <control type="image">
                                                        <left>490</left>
                                                        <top>30</top>
                                                        <width>450</width>
                                                        <height>60</height>
                                                        <aspectratio align="right" aligny="top">keep</aspectratio>
                                                        <texture>$INFO[ListItem.Property(headerpic)]</texture>
                                                        <bordersize>5</bordersize>
                                                </control>




                                                <control type="label">
                                                        <left>720</left>
                                                        <top>300</top>
                                                        <width>210</width>
                                                        <height>20</height>
                                                        <font>font10</font>
                                                        <textcolor>grey2</textcolor>
                                                        <shadowcolor>black</shadowcolor>
                                                        <selectedcolor>selected</selectedcolor>
                                                        <align>right</align>
                                                        <aligny>top</aligny>
                                                        <label>$INFO[ListItem.Label2]</label>
                                                </control>
                                                <control type="label">
                                                        <left>480</left>
                                                        <top>100</top>
                                                        <width>400</width>
                                                        <height>60</height>
                                                        <font>font14</font>
                                                        <textcolor>white</textcolor>
                                                        <shadowcolor>black</shadowcolor>
                                                        <selectedcolor>selected</selectedcolor>
                                                        <align>center</align>
                                                        <aligny>center</aligny>
                                                        <label>$INFO[ListItem.Label]</label>
                                                        <visible>!Control.HasFocus(77777)</visible>
                                                </control>
                                                <control type="label">
                                                        <left>480</left>
                                                        <top>100</top>
                                                        <width>400</width>
                                                        <height>60</height>
                                                        <font>font14</font>
                                                        <textcolor>blue</textcolor>
                                                        <selectedcolor>selected</selectedcolor>
                                                        <align>center</align>
                                                        <aligny>center</aligny>
                                                        <label>$INFO[ListItem.Label]</label>
                                                        <visible>Control.HasFocus(77777)</visible>
                                                </control>


                                                <control type="textbox" id="moviecomment">
                                                        <left>480</left>
                                                        <top>170</top>
                                                        <width>410</width>
                                                        <height>100</height>
                                                        <font>font12</font>
                                                        <textcolor>grey2</textcolor>
                                                        <shadowcolor>black</shadowcolor>
                                                        <selectedcolor>selected</selectedcolor>
                                                        <align>left</align>
                                                        <aligny>top</aligny>
                                                        <label>$INFO[ListItem.Property(comment)]</label>
                                                        <visible>!Control.HasFocus(77777)</visible>

                                                </control>
                                                <control type="textbox" id="moviecommentblue">
                                                        <left>480</left>
                                                        <top>170</top>
                                                        <width>410</width>
                                                        <height>100</height>
                                                        <font>font12</font>
                                                        <textcolor>grey2</textcolor>
                                                        <shadowcolor>black</shadowcolor>
                                                        <selectedcolor>selected</selectedcolor>
                                                        <align>left</align>
                                                        <aligny>top</aligny>
                                                        <label>$INFO[ListItem.Property(comment)]</label>
                                                        <visible>Control.HasFocus(77777)</visible>
                                                        <scrolltime>200</scrolltime>
                                                        <autoscroll delay="2000" time="4000" repeat="10000">true</autoscroll>
                                                </control>












                                        </focusedlayout>
                                        <content>
                                                <item>
                                                        <label>$INFO[Window.Property(LatestNews.0.Title)]</label>
                                                        <thumb>$INFO[Window.Property(LatestNews.0.Logo)]</thumb>
                                                        <label2>$INFO[Window.Property(LatestNews.0.Date)]</label2>
                                                        <property name="comment">$INFO[Window.Property(LatestNews.0.Desc)]</property>
                                                        <property name="headerpic">$INFO[Window.Property(LatestNews.0.HeaderPic)]</property>

                                                        <onclick>-</onclick>
                                                        <icon>$INFO[Window.Property(LatestNews.0.Logo)]</icon>
                                                        <visible>!IsEmpty(Window.Property(LatestNews.0.Title))</visible>
                                                        <actualicon>$INFO[Window.Property(LatestNews.0.Logo)]</actualicon>

                                                </item>

                                                <item>
                                                        <label>$INFO[Window.Property(LatestNews.1.Title)]</label>
                                                        <thumb>$INFO[Window.Property(LatestNews.1.Logo)]</thumb>
                                                        <label2>$INFO[Window.Property(LatestNews.1.Date)]</label2>
                                                        <property name="comment">$INFO[Window.Property(LatestNews.1.Desc)]</property>
                                                        <property name="headerpic">$INFO[Window.Property(LatestNews.1.HeaderPic)]</property>

                                                        <onclick>-</onclick>
                                                        <icon>$INFO[Window.Property(LatestNews.1.Logo)]</icon>
                                                        <visible>!IsEmpty(Window.Property(LatestNews.1.Title))</visible>
                                                        <actualicon>$INFO[Window.Property(LatestNews.1.Logo)]</actualicon>

                                                </item>
                                                <item>
                                                        <label>$INFO[Window.Property(LatestNews.2.Title)]</label>
                                                        <thumb>$INFO[Window.Property(LatestNews.2.Logo)]</thumb>
                                                        <label2>$INFO[Window.Property(LatestNews.2.Date)]</label2>
                                                        <property name="comment">$INFO[Window.Property(LatestNews.2.Desc)]</property>
                                                        <property name="headerpic">$INFO[Window.Property(LatestNews.2.HeaderPic)]</property>

                                                        <onclick>-</onclick>
                                                        <icon>$INFO[Window.Property(LatestNews.2.Logo)]</icon>
                                                        <visible>!IsEmpty(Window.Property(LatestNews.2.Title))</visible>
                                                        <actualicon>$INFO[Window.Property(LatestNews.2.Logo)]</actualicon>

                                                </item>

                                                <item>
                                                        <label>$INFO[Window.Property(LatestNews.3.Title)]</label>
                                                        <thumb>$INFO[Window.Property(LatestNews.3.Logo)]</thumb>
                                                        <label2>$INFO[Window.Property(LatestNews.3.Date)]</label2>
                                                        <property name="comment">$INFO[Window.Property(LatestNews.3.Desc)]</property>
                                                        <property name="headerpic">$INFO[Window.Property(LatestNews.3.HeaderPic)]</property>

                                                        <onclick>-</onclick>
                                                        <icon>$INFO[Window.Property(LatestNews.3.Logo)]</icon>
                                                        <visible>!IsEmpty(Window.Property(LatestNews.3.Title))</visible>
                                                        <actualicon>$INFO[Window.Property(LatestNews.3.Logo)]</actualicon>

                                                </item>


                                                <item>
                                                        <label>$INFO[Window.Property(LatestNews.4.Title)]</label>
                                                        <thumb>$INFO[Window.Property(LatestNews.4.Logo)]</thumb>
                                                        <label2>$INFO[Window.Property(LatestNews.4.Date)]</label2>
                                                        <property name="comment">$INFO[Window.Property(LatestNews.4.Desc)]</property>
                                                        <property name="headerpic">$INFO[Window.Property(LatestNews.4.HeaderPic)]</property>

                                                        <onclick>-</onclick>
                                                        <icon>$INFO[Window.Property(LatestNews.4.Logo)]</icon>
                                                        <visible>!IsEmpty(Window.Property(LatestNews.4.Title))</visible>
                                                        <actualicon>$INFO[Window.Property(LatestNews.4.Logo)]</actualicon>

                                                </item>


                                                <item>
                                                        <label>$INFO[Window.Property(LatestNews.5.Title)]</label>
                                                        <thumb>$INFO[Window.Property(LatestNews.5.Logo)]</thumb>
                                                        <label2>$INFO[Window.Property(LatestNews.5.Date)]</label2>
                                                        <property name="comment">$INFO[Window.Property(LatestNews.5.Desc)]</property>
                                                        <property name="headerpic">$INFO[Window.Property(LatestNews.5.HeaderPic)]</property>

                                                        <onclick>-</onclick>
                                                        <icon>$INFO[Window.Property(LatestNews.5.Logo)]</icon>
                                                        <visible>!IsEmpty(Window.Property(LatestNews.5.Title))</visible>
                                                        <actualicon>$INFO[Window.Property(LatestNews.5.Logo)]</actualicon>

                                                </item>


                                                <item>
                                                        <label>$INFO[Window.Property(LatestNews.6.Title)]</label>
                                                        <thumb>$INFO[Window.Property(LatestNews.6.Logo)]</thumb>
                                                        <label2>$INFO[Window.Property(LatestNews.6.Date)]</label2>
                                                        <property name="comment">$INFO[Window.Property(LatestNews.6.Desc)]</property>
                                                        <property name="headerpic">$INFO[Window.Property(LatestNews.6.HeaderPic)]</property>

                                                        <onclick>-</onclick>
                                                        <icon>$INFO[Window.Property(LatestNews.6.Logo)]</icon>
                                                        <visible>!IsEmpty(Window.Property(LatestNews.6.Title))</visible>
                                                        <actualicon>$INFO[Window.Property(LatestNews.6.Logo)]</actualicon>

                                                </item>



                                                <item>
                                                        <label>$INFO[Window.Property(LatestNews.7.Title)]</label>
                                                        <thumb>$INFO[Window.Property(LatestNews.7.Logo)]</thumb>
                                                        <label2>$INFO[Window.Property(LatestNews.7.Date)]</label2>
                                                        <property name="comment">$INFO[Window.Property(LatestNews.7.Desc)]</property>
                                                        <property name="headerpic">$INFO[Window.Property(LatestNews.7.HeaderPic)]</property>

                                                        <onclick>-</onclick>
                                                        <icon>$INFO[Window.Property(LatestNews.7.Logo)]</icon>
                                                        <visible>!IsEmpty(Window.Property(LatestNews.7.Title))</visible>
                                                        <actualicon>$INFO[Window.Property(LatestNews.7.Logo)]</actualicon>

                                                </item>

                                                <item>
                                                        <label>$INFO[Window.Property(LatestNews.8.Title)]</label>
                                                        <thumb>$INFO[Window.Property(LatestNews.8.Logo)]</thumb>
                                                        <label2>$INFO[Window.Property(LatestNews.8.Date)]</label2>
                                                        <property name="comment">$INFO[Window.Property(LatestNews.8.Desc)]</property>
                                                        <property name="headerpic">$INFO[Window.Property(LatestNews.8.HeaderPic)]</property>

                                                        <onclick>-</onclick>
                                                        <icon>$INFO[Window.Property(LatestNews.8.Logo)]</icon>
                                                        <visible>!IsEmpty(Window.Property(LatestNews.8.Title))</visible>
                                                        <actualicon>$INFO[Window.Property(LatestNews.8.Logo)]</actualicon>

                                                </item>

                                                <item>
                                                        <label>$INFO[Window.Property(LatestNews.9.Title)]</label>
                                                        <thumb>$INFO[Window.Property(LatestNews.9.Logo)]</thumb>
                                                        <label2>$INFO[Window.Property(LatestNews.9.Date)]</label2>
                                                        <property name="comment">$INFO[Window.Property(LatestNews.9.Desc)]</property>
                                                        <property name="headerpic">$INFO[Window.Property(LatestNews.9.HeaderPic)]</property>
                                                        <onclick>-</onclick>
                                                        <icon>$INFO[Window.Property(LatestNews.9.Logo)]</icon>
                                                        <visible>!IsEmpty(Window.Property(LatestNews.9.Title))</visible>
                                                        <actualicon>$INFO[Window.Property(LatestNews.9.Logo)]</actualicon>

                                                </item>


                                                <item>
                                                        <label>$INFO[Window.Property(LatestNews.10.Title)]</label>
                                                        <thumb>$INFO[Window.Property(LatestNews.10.Logo)]</thumb>
                                                        <label2>$INFO[Window.Property(LatestNews.10.Date)]</label2>
                                                        <property name="comment">$INFO[Window.Property(LatestNews.10.Desc)]</property>
                                                        <property name="headerpic">$INFO[Window.Property(LatestNews.10.HeaderPic)]</property>
                                                        <onclick>-</onclick>
                                                        <icon>$INFO[Window.Property(LatestNews.10.Logo)]</icon>
                                                        <visible>!IsEmpty(Window.Property(LatestNews.10.Title))</visible>
                                                        <actualicon>$INFO[Window.Property(LatestNews.10.Logo)]</actualicon>

                                                </item>


                                                <item>
                                                        <label>$INFO[Window.Property(LatestNews.11.Title)]</label>
                                                        <thumb>$INFO[Window.Property(LatestNews.11.Logo)]</thumb>
                                                        <label2>$INFO[Window.Property(LatestNews.11.Date)]</label2>
                                                        <property name="comment">$INFO[Window.Property(LatestNews.11.Desc)]</property>
                                                        <property name="headerpic">$INFO[Window.Property(LatestNews.11.HeaderPic)]</property>
                                                        <onclick>-</onclick>
                                                        <icon>$INFO[Window.Property(LatestNews.11.Logo)]</icon>
                                                        <visible>!IsEmpty(Window.Property(LatestNews.11.Title))</visible>
                                                        <actualicon>$INFO[Window.Property(LatestNews.11.Logo)]</actualicon>

                                                </item>


                                                <item>
                                                        <label>$INFO[Window.Property(LatestNews.12.Title)]</label>
                                                        <thumb>$INFO[Window.Property(LatestNews.12.Logo)]</thumb>
                                                        <label2>$INFO[Window.Property(LatestNews.12.Date)]</label2>
                                                        <property name="comment">$INFO[Window.Property(LatestNews.12.Desc)]</property>
                                                        <property name="headerpic">$INFO[Window.Property(LatestNews.12.HeaderPic)]</property>
                                                        <onclick>-</onclick>
                                                        <icon>$INFO[Window.Property(LatestNews.12.Logo)]</icon>
                                                        <visible>!IsEmpty(Window.Property(LatestNews.12.Title))</visible>
                                                        <actualicon>$INFO[Window.Property(LatestNews.12.Logo)]</actualicon>

                                                </item>



                                                <item>
                                                        <label>$INFO[Window.Property(LatestNews.13.Title)]</label>
                                                        <thumb>$INFO[Window.Property(LatestNews.13.Logo)]</thumb>
                                                        <label2>$INFO[Window.Property(LatestNews.13.Date)]</label2>
                                                        <property name="comment">$INFO[Window.Property(LatestNews.13.Desc)]</property>
                                                        <property name="headerpic">$INFO[Window.Property(LatestNews.13.HeaderPic)]</property>
                                                        <onclick>-</onclick>
                                                        <icon>$INFO[Window.Property(LatestNews.13.Logo)]</icon>
                                                        <visible>!IsEmpty(Window.Property(LatestNews.13.Title))</visible>
                                                        <actualicon>$INFO[Window.Property(LatestNews.13.Logo)]</actualicon>

                                                </item>

                                                <item>
                                                        <label>$INFO[Window.Property(LatestNews.14.Title)]</label>
                                                        <thumb>$INFO[Window.Property(LatestNews.14.Logo)]</thumb>
                                                        <label2>$INFO[Window.Property(LatestNews.14.Date)]</label2>
                                                        <property name="comment">$INFO[Window.Property(LatestNews.14.Desc)]</property>
                                                        <property name="headerpic">$INFO[Window.Property(LatestNews.14.HeaderPic)]</property>
                                                        <onclick>-</onclick>
                                                        <icon>$INFO[Window.Property(LatestNews.14.Logo)]</icon>
                                                        <visible>!IsEmpty(Window.Property(LatestNews.14.Title))</visible>
                                                        <actualicon>$INFO[Window.Property(LatestNews.14.Logo)]</actualicon>

                                                </item>


                                                <item>
                                                        <label>$INFO[Window.Property(LatestNews.15.Title)]</label>
                                                        <thumb>$INFO[Window.Property(LatestNews.15.Logo)]</thumb>
                                                        <label2>$INFO[Window.Property(LatestNews.15.Date)]</label2>
                                                        <property name="comment">$INFO[Window.Property(LatestNews.15.Desc)]</property>
                                                        <property name="headerpic">$INFO[Window.Property(LatestNews.15.HeaderPic)]</property>
                                                        <onclick>-</onclick>
                                                        <icon>$INFO[Window.Property(LatestNews.15.Logo)]</icon>
                                                        <visible>!IsEmpty(Window.Property(LatestNews.15.Title))</visible>
                                                        <actualicon>$INFO[Window.Property(LatestNews.15.Logo)]</actualicon>

                                                </item>

                                                <item>
                                                        <label>$INFO[Window.Property(LatestNews.16.Title)]</label>
                                                        <thumb>$INFO[Window.Property(LatestNews.16.Logo)]</thumb>
                                                        <label2>$INFO[Window.Property(LatestNews.16.Date)]</label2>
                                                        <property name="comment">$INFO[Window.Property(LatestNews.16.Desc)]</property>
                                                        <property name="headerpic">$INFO[Window.Property(LatestNews.16.HeaderPic)]</property>
                                                        <onclick>-</onclick>
                                                        <icon>$INFO[Window.Property(LatestNews.16.Logo)]</icon>
                                                        <visible>!IsEmpty(Window.Property(LatestNews.16.Title))</visible>
                                                        <actualicon>$INFO[Window.Property(LatestNews.16.Logo)]</actualicon>

                                                </item>


                                                <item>
                                                        <label>$INFO[Window.Property(LatestNews.17.Title)]</label>
                                                        <thumb>$INFO[Window.Property(LatestNews.17.Logo)]</thumb>
                                                        <label2>$INFO[Window.Property(LatestNews.17.Date)]</label2>
                                                        <property name="comment">$INFO[Window.Property(LatestNews.17.Desc)]</property>
                                                        <property name="headerpic">$INFO[Window.Property(LatestNews.17.HeaderPic)]</property>
                                                        <onclick>-</onclick>
                                                        <icon>$INFO[Window.Property(LatestNews.17.Logo)]</icon>
                                                        <visible>!IsEmpty(Window.Property(LatestNews.17.Title))</visible>
                                                        <actualicon>$INFO[Window.Property(LatestNews.17.Logo)]</actualicon>

                                                </item>

                                                <item>
                                                        <label>$INFO[Window.Property(LatestNews.18.Title)]</label>
                                                        <thumb>$INFO[Window.Property(LatestNews.18.Logo)]</thumb>
                                                        <label2>$INFO[Window.Property(LatestNews.18.Date)]</label2>
                                                        <property name="comment">$INFO[Window.Property(LatestNews.18.Desc)]</property>
                                                        <property name="headerpic">$INFO[Window.Property(LatestNews.18.HeaderPic)]</property>
                                                        <onclick>-</onclick>
                                                        <icon>$INFO[Window.Property(LatestNews.18.Logo)]</icon>
                                                        <visible>!IsEmpty(Window.Property(LatestNews.18.Title))</visible>
                                                        <actualicon>$INFO[Window.Property(LatestNews.18.Logo)]</actualicon>

                                                </item>



                                                <item>
                                                        <label>$INFO[Window.Property(LatestNews.19.Title)]</label>
                                                        <thumb>$INFO[Window.Property(LatestNews.19.Logo)]</thumb>
                                                        <label2>$INFO[Window.Property(LatestNews.19.Date)]</label2>
                                                        <property name="comment">$INFO[Window.Property(LatestNews.19.Desc)]</property>
                                                        <property name="headerpic">$INFO[Window.Property(LatestNews.19.HeaderPic)]</property>
                                                        <onclick>-</onclick>
                                                        <icon>$INFO[Window.Property(LatestNews.19.Logo)]</icon>
                                                        <visible>!IsEmpty(Window.Property(LatestNews.19.Title))</visible>
                                                        <actualicon>$INFO[Window.Property(LatestNews.19.Logo)]</actualicon>

                                                </item>



                                                <item>
                                                        <label>$INFO[Window.Property(LatestNews.20.Title)]</label>
                                                        <thumb>$INFO[Window.Property(LatestNews.20.Logo)]</thumb>
                                                        <label2>$INFO[Window.Property(LatestNews.20.Date)]</label2>
                                                        <property name="comment">$INFO[Window.Property(LatestNews.20.Desc)]</property>
                                                        <property name="headerpic">$INFO[Window.Property(LatestNews.20.HeaderPic)]</property>
                                                        <onclick>-</onclick>
                                                        <icon>$INFO[Window.Property(LatestNews.20.Logo)]</icon>
                                                        <visible>!IsEmpty(Window.Property(LatestNews.20.Title))</visible>
                                                        <actualicon>$INFO[Window.Property(LatestNews.20.Logo)]</actualicon>

                                                </item>






                                        </content>
                                </control>
                                <control type="button">
                                        <description>left Arrow</description>
                                        <left>-40</left>
                                        <top>90</top>
                                        <width>30</width>
                                        <height>40</height>
                                        <texturefocus>arrow-big-left.png</texturefocus>
                                        <texturenofocus>arrow-big-left.png</texturenofocus>
                                        <onclick>Control.Move(77777,-1)</onclick>
                                        <visible>Control.HasFocus(77777) + Container(77777).HasPrevious</visible>
                                        <include>VisibleFadeEffect</include>
                                </control>
                                <control type="button">
                                        <description>right Arrow</description>
                                        <left>970</left>
                                        <top>90</top>
                                        <width>30</width>
                                        <height>40</height>
                                        <texturefocus>arrow-big-right.png</texturefocus>
                                        <texturenofocus>arrow-big-right.png</texturenofocus>
                                        <onclick>Control.Move(77777,1)</onclick>
                                        <visible>Control.HasFocus(77777) + Container(77777).HasNext</visible>
                                        <include>VisibleFadeEffect</include>
                                </control>
                        </control>
	</include>
</includes>


