<?xml version="1.0" encoding="UTF-8"?>
<includes>
        <!-- ID: 50 -->
        <include name="PVRChannelsListView">
		<control type="group">
			<description>Small Media Window</description>
			<left>530</left>
			<top>80</top>
                        <visible>Control.IsVisible(50)</visible>
			<include>VisibleFadeEffect</include>
			<include>Window_OpenClose_Animation</include>
			<control type="image">
				<left>0</left>
				<top>0</top>
				<width>690</width>
				<height>400</height>
				<texture border="5">button-nofocus.png</texture>
			</control>
			<control type="button" id="61">
				<left>-1</left>
				<top>-1</top>
				<width>692</width>
				<height>402</height>
				<texturefocus border="3">VideoWindowFO.png</texturefocus>
				<texturenofocus>-</texturenofocus>
				<font>-</font>
				<pulseonselect>no</pulseonselect>
				<onleft>70</onleft>
				<onclick>Fullscreen</onclick>
				<visible>Player.HasVideo</visible>
			</control>
			<control type="image">
				<left>5</left>
				<top>5</top>
				<width>680</width>
				<height>390</height>
				<texture fallback="special://skin/backgrounds/tv.jpg">$INFO[Skin.String(Home_Custom_Back_TV_Folder)]</texture>
				<include>VisibleFadeEffect</include>
				<visible>!Player.HasVideo</visible>
			</control>
			<control type="videowindow">
				<left>5</left>
				<top>5</top>
				<width>680</width>
				<height>390</height>
				<visible>Player.HasVideo</visible>
				<animation effect="slide" start="0,0" end="-2000,0" time="0">WindowClose</animation>
			</control>
			<control type="image">
				<left>1</left>
				<top>1</top>
				<width>688</width>
				<height>35</height>
				<texture>black-back.png</texture>
				<colordiffuse>DDFFFFFF</colordiffuse>
				<visible>Player.HasVideo</visible>
			</control>
			<control type="label">
				<description>Current Video label</description>
				<left>30</left>
				<top>1</top>
				<width>650</width>
				<height>35</height>
				<font>font12</font>
				<textcolor>grey2</textcolor>
				<align>center</align>
				<aligny>center</aligny>
				<label>$INFO[Player.Title]</label>
				<visible>Player.HasVideo</visible>
			</control>
		</control>

		<control type="group">
			<include>Window_OpenClose_Animation</include>
			<description>TV Channels group</description>
                        <visible>Control.IsVisible(50)</visible>
			<include>VisibleFadeEffect</include>
			<control type="group">
				<left>530</left>
				<top>490</top>
				<!--<visible>![Control.IsVisible(50) + !IsEmpty(Window.Property(IsRadio)) + System.GetBool(PVRPlayback.EnableRadioRDS) + !Skin.HasSetting(HideEPGwithRDS) + RDS.HasRDS]</visible>-->
				<visible>Control.IsVisible(50) + !RDS.HasRDS</visible>
				<control type="label">
					<left>0</left>
					<top>0</top>
					<width>690</width>
					<height>20</height>
					<font>font13</font>
					<textcolor>white</textcolor>
					<shadowcolor>black</shadowcolor>
					<scroll>true</scroll>
					<align>center</align>
					<aligny>center</aligny>
					<label>[B]$INFO[Container(50).ListItem.Title]$INFO[ListItem.EpisodeName, (,)][/B]</label>
				</control>
				<control type="label">
					<left>0</left>
					<top>22</top>
					<width>80</width>
					<height>20</height>
					<align>right</align>
					<aligny>center</aligny>
					<font>font10_title</font>
					<textcolor>blue</textcolor>
					<visible>Container(50).ListItem.HasEpg</visible>
					<label>$INFO[Container(50).ListItem.StartTime]</label>
				</control>
				<control type="progress">
					<description>Progressbar</description>
					<left>85</left>
					<top>30</top>
					<width>510</width>
					<height>8</height>
					<visible>Container(50).ListItem.HasEpg</visible>
					<info>Container(50).ListItem.Progress</info>
				</control>
				<control type="label">
					<left>600</left>
					<top>22</top>
					<width>80</width>
					<height>20</height>
					<align>left</align>
					<aligny>center</aligny>
					<font>font10_title</font>
					<textcolor>blue</textcolor>
					<visible>Container(50).ListItem.HasEpg</visible>
					<label>$INFO[Container(50).ListItem.EndTime]</label>
				</control>
				<control type="textbox">
					<description>Plot Value for TVShow</description>
					<left>0</left>
					<top>52</top>
					<width>690</width>
					<height>72</height>
					<font>font13</font>
					<align>justify</align>
					<textcolor>white</textcolor>
					<shadowcolor>black</shadowcolor>
					<pagecontrol>-</pagecontrol>
					<label>$INFO[Container(50).ListItem.Plot]</label>
					<autoscroll time="2000" delay="3000" repeat="5000">true</autoscroll>
				</control>
				<control type="label">
					<left>0</left>
					<top>140</top>
					<width>690</width>
					<height>20</height>
					<font>font12</font>
					<textcolor>grey2</textcolor>
					<align>right</align>
					<aligny>center</aligny>
					<scroll>false</scroll>
					<visible>!IsEmpty(Container(50).ListItem.NextTitle)</visible>
					<label>$LOCALIZE[19031]: $INFO[Container(50).ListItem.NextTitle]</label>
				</control>
			</control>
			<control type="group">
				<control type="list" id="50">
					<left>70</left>
					<top>85</top>
					<width>390</width>
					<height>541</height>
					<onleft>100</onleft>
					<onright>70</onright>
					<onup>50</onup>
					<ondown>50</ondown>
					<viewtype label="535">list</viewtype>
					<pagecontrol>70</pagecontrol>
					<scrolltime>200</scrolltime>
					<itemlayout height="60" width="390">
						<control type="image">
							<left>0</left>
							<top>0</top>
							<width>390</width>
							<height>61</height>
							<texture border="2">MenuItemNF.png</texture>
							<include>VisibleFadeEffect</include>
						</control>
						<control type="label">
							<left>5</left>
							<top>-4</top>
							<width>40</width>
							<height>35</height>
							<font>font12</font>
							<align>left</align>
							<aligny>center</aligny>
							<textcolor>grey</textcolor>
							<selectedcolor>grey</selectedcolor>
							<info>ListItem.ChannelNumberLabel</info>
						</control>
						<control type="label">
							<left>50</left>
							<top>0</top>
							<width>270</width>
							<height>25</height>
							<font>font13</font>
							<textcolor>white</textcolor>
							<selectedcolor>selected</selectedcolor>
							<align>left</align>
							<aligny>center</aligny>
							<label>$INFO[ListItem.Label]</label>
						</control>
						<control type="label">
							<left>50</left>
							<top>25</top>
							<width>330</width>
							<height>20</height>
							<font>font12</font>
							<textcolor>grey</textcolor>
							<selectedcolor>grey</selectedcolor>
							<align>left</align>
							<aligny>center</aligny>
							<label>$INFO[ListItem.Title]</label>
							<visible>IsEmpty(Listitem.Icon)</visible>
						</control>
						<control type="label">
							<left>50</left>
							<top>25</top>
							<width>280</width>
							<height>20</height>
							<font>font12</font>
							<textcolor>grey</textcolor>
							<selectedcolor>grey</selectedcolor>
							<align>left</align>
							<aligny>center</aligny>
							<label>$INFO[ListItem.Title]</label>
							<visible>!IsEmpty(Listitem.Icon)</visible>
						</control>
						<control type="progress">
							<description>Progressbar</description>
							<left>50</left>
							<top>48</top>
							<width>280</width>
							<height>6</height>
							<colordiffuse>88FFFFFF</colordiffuse>
							<visible>ListItem.HasEpg</visible>
							<info>ListItem.Progress</info>
						</control>
						<control type="image">
							<left>340</left>
							<top>4</top>
							<width>50</width>
							<height>50</height>
							<texture>$INFO[ListItem.Icon]</texture>
							<aspectratio>keep</aspectratio>
						</control>
						<control type="image">
							<left>5</left>
							<top>37</top>
							<width>30</width>
							<height>20</height>
							<texture>PVR-IsRecording.png</texture>
							<visible>ListItem.IsRecording</visible>
						</control>
					</itemlayout>
					<focusedlayout height="60" width="390">
						<control type="image">
							<left>0</left>
							<top>0</top>
							<width>390</width>
							<height>61</height>
							<texture border="2">MenuItemNF.png</texture>
							<visible>!Control.HasFocus(50)</visible>
							<include>VisibleFadeEffect</include>
						</control>
						<control type="image">
							<left>0</left>
							<top>0</top>
							<width>390</width>
							<height>61</height>
							<texture border="2">MenuItemFO.png</texture>
							<visible>Control.HasFocus(50)</visible>
							<include>VisibleFadeEffect</include>
						</control>
						<control type="label">
							<left>5</left>
							<top>-4</top>
							<width>40</width>
							<height>35</height>
							<font>font12</font>
							<align>left</align>
							<aligny>center</aligny>
							<textcolor>grey</textcolor>
							<selectedcolor>grey</selectedcolor>
							<info>ListItem.ChannelNumberLabel</info>
						</control>
						<control type="label">
							<left>50</left>
							<top>0</top>
							<width>270</width>
							<height>25</height>
							<font>font13</font>
							<textcolor>white</textcolor>
							<selectedcolor>selected</selectedcolor>
							<align>left</align>
							<aligny>center</aligny>
							<label>$INFO[ListItem.Label]</label>
						</control>
						<control type="label">
							<left>50</left>
							<top>25</top>
							<width>330</width>
							<height>20</height>
							<font>font12</font>
							<textcolor>grey</textcolor>
							<selectedcolor>grey</selectedcolor>
							<align>left</align>
							<aligny>center</aligny>
							<label>$INFO[ListItem.Title]</label>
							<visible>IsEmpty(Listitem.Icon)</visible>
						</control>
						<control type="label">
							<left>50</left>
							<top>25</top>
							<width>280</width>
							<height>20</height>
							<font>font12</font>
							<textcolor>grey</textcolor>
							<selectedcolor>grey</selectedcolor>
							<align>left</align>
							<aligny>center</aligny>
							<label>$INFO[ListItem.Title]</label>
							<visible>!IsEmpty(Listitem.Icon)</visible>
						</control>
						<control type="progress">
							<description>Progressbar</description>
							<left>50</left>
							<top>48</top>
							<width>280</width>
							<height>6</height>
							<colordiffuse>88FFFFFF</colordiffuse>
							<visible>ListItem.HasEpg</visible>
							<info>ListItem.Progress</info>
						</control>
						<control type="image">
							<left>340</left>
							<top>4</top>
							<width>50</width>
							<height>50</height>
							<texture>$INFO[ListItem.Icon]</texture>
							<aspectratio>keep</aspectratio>
						</control>
						<control type="image">
							<left>5</left>
							<top>37</top>
							<width>30</width>
							<height>20</height>
							<texture>PVR-IsRecording.png</texture>
							<visible>ListItem.IsRecording</visible>
						</control>
					</focusedlayout>
				</control>
				<control type="scrollbar" id="70">
					<left>465</left>
					<top>85</top>
					<width>25</width>
					<height>540</height>
					<texturesliderbackground border="0,14,0,14">ScrollBarV.png</texturesliderbackground>
					<texturesliderbar border="0,14,0,14">ScrollBarV_bar.png</texturesliderbar>
					<texturesliderbarfocus border="0,14,0,14">ScrollBarV_bar_focus.png</texturesliderbarfocus>
					<textureslidernib>ScrollBarNib.png</textureslidernib>
					<textureslidernibfocus>ScrollBarNib.png</textureslidernibfocus>
					<onleft>50</onleft>
					<onright>61</onright>
					<showonepage>false</showonepage>
					<orientation>vertical</orientation>
				</control>
				<control type="label">
					<depth>DepthFooter</depth>
					<animation effect="slide" start="0,0" end="-90,0" time="0" condition="system.getbool(input.enablemouse)">Conditional</animation>
					<description>Page Count Label</description>
					<right>40</right>
					<top>53r</top>
					<width>500</width>
					<height>20</height>
					<font>font12</font>
					<textcolor>grey</textcolor>
					<scroll>false</scroll>
					<align>right</align>
					<aligny>center</aligny>
					<label>([COLOR=blue]$INFO[Container(50).NumItems][/COLOR]) $LOCALIZE[19019] - $LOCALIZE[31024] ([COLOR=blue]$INFO[Container(50).CurrentPage]/$INFO[Container(50).NumPages][/COLOR])</label>
					<include>Window_OpenClose_Animation</include>
				</control>
			</control>
			<control type="group">
				<left>530</left>
				<top>490</top>
				<visible>Control.IsVisible(50) + !IsEmpty(Window.Property(IsRadio)) + System.GetBool(PVRPlayback.EnableRadioRDS) + !Skin.HasSetting(HideEPGwithRDS) + RDS.HasRDS</visible>
				<control type="image">
					<left>580</left>
					<top>-3</top>
					<width>104</width>
					<height>40</height>
					<visible>!RDS.HasRadioText</visible>
					<texture>flagging/rds/rds-logo.png</texture>
				</control>
				<control type="image">
					<left>580</left>
					<top>-3</top>
					<width>104</width>
					<height>34</height>
					<visible>RDS.HasRadioText + !RDS.HasRadioTextPlus</visible>
					<texture>flagging/rds/rds-radiotext-logo.png</texture>
				</control>
				<control type="image">
					<left>580</left>
					<top>-3</top>
					<width>104</width>
					<height>40</height>
					<visible>RDS.HasRadioTextPlus</visible>
					<texture>flagging/rds/rds-radiotext-plus-logo.png</texture>
				</control>
				<control type="label">
					<left>0</left>
					<top>40</top>
					<width>690</width>
					<height>20</height>
					<font>font13</font>
					<textcolor>white</textcolor>
					<shadowcolor>black</shadowcolor>
					<align>left</align>
					<aligny>center</aligny>
					<scroll>true</scroll>
					<visible>RDS.HasRDS</visible>
					<label>$INFO[RDS.Getline(3)]</label>
				</control>
				<control type="label">
					<left>0</left>
					<top>65</top>
					<width>690</width>
					<height>20</height>
					<font>font13</font>
					<textcolor>white</textcolor>
					<shadowcolor>black</shadowcolor>
					<align>left</align>
					<aligny>center</aligny>
					<scroll>true</scroll>
					<visible>RDS.HasRDS</visible>
					<label>$INFO[RDS.Getline(2)]</label>
				</control>
				<control type="label">
					<left>0</left>
					<top>90</top>
					<width>690</width>
					<height>20</height>
					<font>font13</font>
					<textcolor>white</textcolor>
					<shadowcolor>black</shadowcolor>
					<align>left</align>
					<aligny>center</aligny>
					<scroll>true</scroll>
					<visible>RDS.HasRDS</visible>
					<label>$INFO[RDS.Getline(1)]</label>
				</control>
				<control type="label">
					<left>0</left>
					<top>115</top>
					<width>690</width>
					<height>20</height>
					<font>font13</font>
					<textcolor>white</textcolor>
					<shadowcolor>black</shadowcolor>
					<align>left</align>
					<aligny>center</aligny>
					<scroll>true</scroll>
					<visible>RDS.HasRDS</visible>
					<label>$INFO[RDS.Getline(0)]</label>
				</control>
			</control>
		</control>
        </include>



        <!-- ID: 51 -->
        <include name="PVRChannelsListDreamView">
		<control type="group">
			<description>Small Media Window</description>
			<left>640</left>
			<top>80</top>
			<include>VisibleFadeEffect</include>
			<include>Window_OpenClose_Animation</include>
                        <visible>Control.IsVisible(51)</visible>
			<control type="image">
				<left>21</left>
				<top>5</top>
				<width>558</width>
				<height>300</height>
				<texture border="5">button-nofocus.png</texture>
			</control>
			<control type="button" id="61">
				<left>20</left>
				<top>5</top>
				<width>560</width>
				<height>300</height>
				<texturefocus border="3">VideoWindowFO.png</texturefocus>
				<texturenofocus>-</texturenofocus>
				<font>-</font>
				<pulseonselect>no</pulseonselect>
				<onleft>70</onleft>
				<onclick>Fullscreen</onclick>
				<visible>Player.HasVideo</visible>
			</control>
			<control type="image">
				<left>20</left>
				<top>5</top>
				<width>560</width>
				<height>300</height>
				<texture fallback="special://skin/backgrounds/tv.jpg">$INFO[Skin.String(Home_Custom_Back_TV_Folder)]</texture>
				<include>VisibleFadeEffect</include>
				<visible>!Player.HasVideo</visible>
			</control>
			<control type="videowindow">
				<left>22</left>
				<top>5</top>
				<width>556</width>
				<height>300</height>
				<visible>Player.HasVideo</visible>
				<animation effect="slide" start="0,0" end="-2000,0" time="0">WindowClose</animation>
			</control>
			<control type="image">
				<left>22</left>
				<top>7</top>
				<width>556</width>
				<height>35</height>
				<texture>black-back.png</texture>
				<colordiffuse>DDFFFFFF</colordiffuse>
				<visible>Player.HasVideo</visible>
			</control>
			<control type="label">
				<description>Current Video label</description>
				<left>22</left>
				<top>7</top>
				<width>556</width>
				<height>35</height>
				<font>font12</font>
				<textcolor>grey2</textcolor>
				<align>center</align>
				<aligny>center</aligny>
				<label>$INFO[Player.Title]</label>
				<visible>Player.HasVideo</visible>
			</control>
		</control>


		<control type="group">
			<include>Window_OpenClose_Animation</include>
			<description>TV Channels group</description>
                        <visible>Control.IsVisible(51)</visible>
			<include>VisibleFadeEffect</include>
			<control type="group">
				<left>660</left>
				<top>400</top>
				<visible>Control.IsVisible(51) + !RDS.HasRDS</visible>
				<control type="label">
					<left>0</left>
					<top>0</top>
					<width>550</width>
					<height>20</height>
					<font>font13</font>
					<textcolor>white</textcolor>
					<shadowcolor>black</shadowcolor>
					<scroll>true</scroll>
					<align>center</align>
					<aligny>center</aligny>
					<!--label>[B]$INFO[Container(51).ListItem.Title]$INFO[ListItem.EpisodeName, (,)][/B]</label-->
					<label>[B]$INFO[Container(51).ListItem.Title][/B]</label>
				</control>
				<control type="label">
					<left>0</left>
					<top>22</top>
					<width>80</width>
					<height>20</height>
					<align>left</align>
					<aligny>center</aligny>
					<font>font10_title</font>
					<textcolor>blue</textcolor>
					<visible>Container(51).ListItem.HasEpg</visible>
					<label>$INFO[Container(51).ListItem.StartTime]</label>
				</control>
				<control type="progress">
					<description>Progressbar</description>
					<left>85</left>
					<top>30</top>
					<width>380</width>
					<height>8</height>
					<visible>Container(51).ListItem.HasEpg</visible>
					<info>Container(51).ListItem.Progress</info>
				</control>
				<control type="label">
					<left>500</left>
					<top>22</top>
					<width>80</width>
					<height>20</height>
					<align>left</align>
					<aligny>center</aligny>
					<font>font10_title</font>
					<textcolor>blue</textcolor>
					<visible>Container(51).ListItem.HasEpg</visible>
					<label>$INFO[Container(51).ListItem.EndTime]</label>
				</control>
				<control type="textbox">
					<description>Plot Value for TVShow</description>
					<left>0</left>
					<top>60</top>
					<width>560</width>
					<height>150</height>
					<font>font13</font>
					<align>justify</align>
					<textcolor>white</textcolor>
					<shadowcolor>black</shadowcolor>
					<pagecontrol>-</pagecontrol>
					<label>$INFO[Container(51).ListItem.Plot]</label>
					<autoscroll time="2000" delay="3000" repeat="5000">true</autoscroll>
				</control>
				<control type="label">
					<left>0</left>
					<top>225</top>
					<width>560</width>
					<height>20</height>
					<font>font12</font>
					<textcolor>grey2</textcolor>
					<align>left</align>
					<aligny>center</aligny>
					<scroll>false</scroll>
					<visible>!IsEmpty(Container(51).ListItem.NextTitle)</visible>
					<label>$LOCALIZE[19031]: $INFO[Container(51).ListItem.NextTitle]</label>
				</control>
			</control>
			<control type="group">
				<control type="list" id="51">
					<left>70</left>
					<top>85</top>
					<width>530</width>
					<height>560</height>
					<onleft>100</onleft>
					<onright>70</onright>
					<onup>50</onup>
					<ondown>50</ondown>
					<viewtype label="Dreambox Liste">list</viewtype>
					<pagecontrol>70</pagecontrol>
					<scrolltime>200</scrolltime>
					<itemlayout height="40" width="390">
						<control type="image">
							<left>0</left>
							<top>0</top>
							<width>530</width>
							<height>40</height>
							<texture border="2">MenuItemNF.png</texture>
							<include>VisibleFadeEffect</include>
						</control>
						<control type="label">
							<left>5</left>
							<top>-4</top>
							<width>40</width>
							<height>35</height>
							<font>font12</font>
							<align>left</align>
							<aligny>center</aligny>
							<textcolor>grey</textcolor>
							<selectedcolor>grey</selectedcolor>
							<info>ListItem.ChannelNumberLabel</info>
						</control>
						<control type="label">
							<left>95</left>
							<top>0</top>
							<width>355</width>
							<height>25</height>
							<font>font13</font>
							<textcolor>white</textcolor>
							<selectedcolor>selected</selectedcolor>
							<align>left</align>
							<aligny>center</aligny>
							<label>[B]$INFO[ListItem.Label][/B] [COLOR grey]$INFO[ListItem.Title, - ][/COLOR]</label>
							<visible>ListItem.IsRecording</visible>
						</control>
						<control type="label">
							<left>50</left>
							<top>0</top>
							<width>400</width>
							<height>25</height>
							<font>font13</font>
							<textcolor>white</textcolor>
							<selectedcolor>selected</selectedcolor>
							<align>left</align>
							<aligny>center</aligny>
							<label>[B]$INFO[ListItem.Label][/B] [COLOR grey]$INFO[ListItem.Title, - ][/COLOR]</label>
							<visible>!ListItem.IsRecording</visible>
						</control>
						<control type="image">
							<left>50</left>
							<top>5</top>
							<width>30</width>
							<height>20</height>
							<texture>PVR-IsRecording.png</texture>
							<visible>ListItem.IsRecording</visible>
						</control>
						<!--control type="label">
							<left>50</left>
							<top>25</top>
							<width>330</width>
							<height>20</height>
							<font>font12</font>
							<textcolor>grey</textcolor>
							<selectedcolor>grey</selectedcolor>
							<align>left</align>
							<aligny>center</aligny>
							<label>$INFO[ListItem.Title]</label>
							<visible>IsEmpty(Listitem.Icon)</visible>
						</control>
						<control type="label">
							<left>50</left>
							<top>25</top>
							<width>280</width>
							<height>20</height>
							<font>font12</font>
							<textcolor>grey</textcolor>
							<selectedcolor>grey</selectedcolor>
							<align>left</align>
							<aligny>center</aligny>
							<label>$INFO[ListItem.Title]</label>
							<visible>!IsEmpty(Listitem.Icon)</visible>
						</control-->
						<control type="progress">
							<description>Progressbar</description>
							<left>50</left>
							<top>28</top>
							<width>400</width>
							<height>6</height>
							<colordiffuse>88FFFFFF</colordiffuse>
							<visible>ListItem.HasEpg</visible>
							<info>ListItem.Progress</info>
						</control>
						<control type="image">
							<left>470</left>
							<top>0</top>
							<width>50</width>
							<height>40</height>
							<texture>$INFO[ListItem.Icon]</texture>
							<aspectratio>keep</aspectratio>
						</control>
					</itemlayout>
					<focusedlayout height="40" width="390">
						<control type="image">
							<left>0</left>
							<top>0</top>
							<width>390</width>
							<height>40</height>
							<texture border="2">MenuItemNF.png</texture>
							<visible>!Control.HasFocus(51)</visible>
							<include>VisibleFadeEffect</include>
						</control>
						<control type="image">
							<left>0</left>
							<top>0</top>
							<width>530</width>
							<height>40</height>
							<texture border="2">MenuItemFO.png</texture>
							<visible>Control.HasFocus(51)</visible>
							<include>VisibleFadeEffect</include>
						</control>
						<control type="label">
							<left>5</left>
							<top>-4</top>
							<width>40</width>
							<height>35</height>
							<font>font12</font>
							<align>left</align>
							<aligny>center</aligny>
							<textcolor>grey</textcolor>
							<selectedcolor>grey</selectedcolor>
							<info>ListItem.ChannelNumberLabel</info>
						</control>
						<control type="label">
							<left>95</left>
							<top>0</top>
							<width>355</width>
							<height>25</height>
							<font>font13</font>
							<textcolor>white</textcolor>
							<selectedcolor>selected</selectedcolor>
							<align>left</align>
							<aligny>center</aligny>
							<label>[B]$INFO[ListItem.Label][/B] [COLOR grey]$INFO[ListItem.Title, - ][/COLOR]</label>
							<visible>ListItem.IsRecording</visible>
						</control>
						<control type="label">
							<left>50</left>
							<top>0</top>
							<width>400</width>
							<height>25</height>
							<font>font13</font>
							<textcolor>white</textcolor>
							<selectedcolor>selected</selectedcolor>
							<align>left</align>
							<aligny>center</aligny>
							<label>[B]$INFO[ListItem.Label][/B] [COLOR grey]$INFO[ListItem.Title, - ][/COLOR]</label>
							<visible>!ListItem.IsRecording</visible>
						</control>
						<control type="image">
							<left>50</left>
							<top>5</top>
							<width>30</width>
							<height>20</height>
							<texture>PVR-IsRecording.png</texture>
							<visible>ListItem.IsRecording</visible>
						</control>
						<!--control type="label">
							<left>50</left>
							<top>25</top>
							<width>330</width>
							<height>20</height>
							<font>font12</font>
							<textcolor>grey</textcolor>
							<selectedcolor>grey</selectedcolor>
							<align>left</align>
							<aligny>center</aligny>
							<label>$INFO[ListItem.Title]</label>
							<visible>IsEmpty(Listitem.Icon)</visible>
						</control>
						<control type="label">
							<left>50</left>
							<top>25</top>
							<width>280</width>
							<height>20</height>
							<font>font12</font>
							<textcolor>grey</textcolor>
							<selectedcolor>grey</selectedcolor>
							<align>left</align>
							<aligny>center</aligny>
							<label>$INFO[ListItem.Title]</label>
							<visible>!IsEmpty(Listitem.Icon)</visible>
						</control-->
						<control type="progress">
							<description>Progressbar</description>
							<left>50</left>
							<top>28</top>
							<width>400</width>
							<height>6</height>
							<colordiffuse>88FFFFFF</colordiffuse>
							<visible>ListItem.HasEpg</visible>
							<info>ListItem.Progress</info>
						</control>
						<control type="image">
							<left>470</left>
							<top>0</top>
							<width>50</width>
							<height>40</height>
							<texture>$INFO[ListItem.Icon]</texture>
							<aspectratio>keep</aspectratio>
						</control>
					</focusedlayout>
				</control>
				<control type="scrollbar" id="70">
					<left>610</left>
					<top>85</top>
					<width>25</width>
					<height>560</height>
					<texturesliderbackground border="0,14,0,14">ScrollBarV.png</texturesliderbackground>
					<texturesliderbar border="0,14,0,14">ScrollBarV_bar.png</texturesliderbar>
					<texturesliderbarfocus border="0,14,0,14">ScrollBarV_bar_focus.png</texturesliderbarfocus>
					<textureslidernib>ScrollBarNib.png</textureslidernib>
					<textureslidernibfocus>ScrollBarNib.png</textureslidernibfocus>
					<onleft>50</onleft>
					<onright>61</onright>
					<showonepage>false</showonepage>
					<orientation>vertical</orientation>
				</control>
				<control type="label">
					<depth>DepthFooter</depth>
					<animation effect="slide" start="0,0" end="-90,0" time="0" condition="system.getbool(input.enablemouse)">Conditional</animation>
					<description>Page Count Label</description>
					<right>40</right>
					<top>53r</top>
					<width>500</width>
					<height>20</height>
					<font>font12</font>
					<textcolor>grey</textcolor>
					<scroll>false</scroll>
					<align>right</align>
					<aligny>center</aligny>
					<label>([COLOR=blue]$INFO[Container(51).NumItems][/COLOR]) $LOCALIZE[19019] - $LOCALIZE[31024] ([COLOR=blue]$INFO[Container(51).CurrentPage]/$INFO[Container(51).NumPages][/COLOR])</label>
					<include>Window_OpenClose_Animation</include>
				</control>
			</control>

			<control type="group">
				<left>530</left>
				<top>490</top>
				<visible>RDS.HasRDS</visible>
				<control type="image">
					<left>580</left>
					<top>-3</top>
					<width>104</width>
					<height>40</height>
					<visible>!RDS.HasRadioText</visible>
					<texture>flagging/rds/rds-logo.png</texture>
				</control>
				<control type="image">
					<left>580</left>
					<top>-3</top>
					<width>104</width>
					<height>34</height>
					<visible>RDS.HasRadioText + !RDS.HasRadioTextPlus</visible>
					<texture>flagging/rds/rds-radiotext-logo.png</texture>
				</control>
				<control type="image">
					<left>580</left>
					<top>-3</top>
					<width>104</width>
					<height>40</height>
					<visible>RDS.HasRadioTextPlus</visible>
					<texture>flagging/rds/rds-radiotext-plus-logo.png</texture>
				</control>
				<control type="label">
					<left>0</left>
					<top>40</top>
					<width>690</width>
					<height>20</height>
					<font>font13</font>
					<textcolor>white</textcolor>
					<shadowcolor>black</shadowcolor>
					<align>left</align>
					<aligny>center</aligny>
					<scroll>true</scroll>
					<visible>RDS.HasRDS</visible>
					<label>$INFO[RDS.Getline(3)]</label>
				</control>
				<control type="label">
					<left>0</left>
					<top>65</top>
					<width>690</width>
					<height>20</height>
					<font>font13</font>
					<textcolor>white</textcolor>
					<shadowcolor>black</shadowcolor>
					<align>left</align>
					<aligny>center</aligny>
					<scroll>true</scroll>
					<visible>RDS.HasRDS</visible>
					<label>$INFO[RDS.Getline(2)]</label>
				</control>
				<control type="label">
					<left>0</left>
					<top>90</top>
					<width>690</width>
					<height>20</height>
					<font>font13</font>
					<textcolor>white</textcolor>
					<shadowcolor>black</shadowcolor>
					<align>left</align>
					<aligny>center</aligny>
					<scroll>true</scroll>
					<visible>RDS.HasRDS</visible>
					<label>$INFO[RDS.Getline(1)]</label>
				</control>
				<control type="label">
					<left>0</left>
					<top>115</top>
					<width>690</width>
					<height>20</height>
					<font>font13</font>
					<textcolor>white</textcolor>
					<shadowcolor>black</shadowcolor>
					<align>left</align>
					<aligny>center</aligny>
					<scroll>true</scroll>
					<visible>RDS.HasRDS</visible>
					<label>$INFO[RDS.Getline(0)]</label>
				</control>
			</control>
		</control>


        </include>







        <!-- ID: 5010 -->
	<include name="ChannelList2">
		<control type="group">
			<visible>Control.IsVisible(5010)</visible>
			<include>Window_OpenClose_Animation</include>
			<control type="group">
				<include>VisibleFadeEffect</include>
				
				<!--BG image LEFTVIEW -->
<!--				<control type="image">
					<left>50</left>
					<top>60</top>
					<width>600</width>
					<height>600</height>
					<texture border="15">ContentPanel.png</texture>
				</control>
				<control type="image">
					<left>50</left>
					<top>652</top>
					<width>600</width>
					<height>64</height>
					<texture border="15">ContentPanelMirror.png</texture>
				</control>
				<control type="image">
					<left>660</left>
					<top>60</top>
					<width>580</width>
					<height>600</height>
					<texture border="15">ContentPanel.png</texture>
				</control>
				<control type="image">
					<left>660</left>
					<top>652</top>
					<width>580</width>
					<height>64</height>
					<texture border="15">ContentPanelMirror.png</texture>
				</control>
		-->	</control>
		</control>
		<control type="group">
			<description>Small Media Window</description>
			<left>680</left>
			<top>80</top>
			<visible>Control.IsVisible(5010)</visible>
			<include>VisibleFadeEffect</include>
			<include>Window_OpenClose_Animation</include>
			<control type="image">
				<left>220</left>
				<top>0</top>
				<width>320</width>
				<height>184</height>
				<texture border="5">button-nofocus.png</texture>
			</control>
			<control type="image">
				<left>15</left>
				<top>20</top>
				<width>173</width>
				<height>117</height>
				<texture>$INFO[ListItem.Icon]</texture>
				<aspectratio>keep</aspectratio>
				<visible>!IsEmpty(Listitem.Icon)</visible>
			</control>
<!--			<control type="multiimage">-->
			<control type="image">
				<left>225</left>
				<top>5</top>
				<width>310</width>
				<height>174</height>
				<aspectratio>scale</aspectratio>
                                <texture fallback="special://skin/backgrounds/tv.jpg">$INFO[Skin.String(Home_Custom_Back_TV_Folder)]</texture>
<!--				<imagepath background="true">$VAR[CommonMenuItemBackground]</imagepath>-->
<!--				<include>BackgroundTimePerImage</include>
				<randomize>true</randomize>
				<fadetime>1000</fadetime>
-->				<visible>!Player.HasVideo</visible>
			</control>
			<control type="videowindow">
				<left>225</left>
				<top>5</top>
				<width>310</width>
				<height>174</height>
				<visible>Player.HasVideo</visible>
				<animation effect="slide" start="0,0" end="-2000,0" time="0">WindowClose</animation>
			</control>
		</control>
		<control type="group">
			<include>Window_OpenClose_Animation</include>
			<description>TV Channels group</description>
			<visible>Control.IsVisible(5010)</visible>
			<include>VisibleFadeEffect</include>
			<control type="group">
				<left>680</left>
				<top>340</top>
				<control type="label">
					<left>0</left>
					<top>-60</top>
					<width>530</width>
					<height>20</height>
					<font>font13</font>
					<textcolor>white</textcolor>
					<shadowcolor>black</shadowcolor>
					<scroll>true</scroll>
					<align>center</align>
					<aligny>center</aligny>
					<label>[B]$INFO[Container(5010).ListItem.Title][/B]</label>
				</control>
				<control type="label">
					<left>0</left>
					<top>-80</top>
					<width>80</width>
					<height>20</height>
					<align>left</align>
					<aligny>center</aligny>
					<font>font10_title</font>
					<textcolor>$VAR[MainColorOne]</textcolor>
					<visible>Container(5010).ListItem.HasEpg</visible>
					<label>$INFO[Container(5010).ListItem.StartTime]</label>
				</control>
				<control type="progress">
					<description>Progressbar</description>
					<left>4</left>
					<top>-95</top>
					<width>195</width>
					<height>12</height>
					<visible>Container(5010).ListItem.HasEpg</visible>
					<info>Container(5010).ListItem.Progress</info>
				</control>
				<control type="label">
					<left>123</left>
					<top>-80</top>
					<width>80</width>
					<height>20</height>
					<align>right</align>
					<aligny>center</aligny>
					<font>font10_title</font>
					<textcolor>$VAR[MainColorOne]</textcolor>
					<visible>Container(5010).ListItem.HasEpg</visible>
					<label>$INFO[Container(5010).ListItem.EndTime]</label>
				</control>
				<control type="textbox">
					<description>Plot Value for TVShow</description>
					<left>0</left>
					<top>-35</top>
					<width>530</width>
					<height>320</height>
					<font>font13</font>
					<align>justify</align>
					<textcolor>grey</textcolor>
					<shadowcolor>black</shadowcolor>
					<pagecontrol>-</pagecontrol>
					<label>$INFO[Container(5010).ListItem.Plot]</label>
					<autoscroll time="2000" delay="3000" repeat="501000">Skin.HasSetting(AutoScroll)</autoscroll>
				</control>
				<control type="label">
					<left>0</left>
					<top>280</top>
					<width>330</width>
					<height>20</height>
					<font>font12</font>
					<textcolor>grey2</textcolor>
					<align>left</align>
					<aligny>center</aligny>
					<scroll>false</scroll>
					<visible>!IsEmpty(Container(5010).ListItem.NextTitle)</visible>
					<label>$LOCALIZE[19031]: $INFO[Container(5010).ListItem.NextTitle]</label>
				</control>
				<control type="label">
					<left>335</left>
					<top>280</top>
					<width>200</width>
					<height>20</height>
					<font>font12</font>
					<textcolor>grey2</textcolor>
					<align>right</align>
					<aligny>center</aligny>
					<scroll>false</scroll>
					<visible>!IsEmpty(Container(5010).ListItem.NextTitle)</visible>
					<label>$INFO[Container(5010).ListItem.NextStartTime]$INFO[Container(5010).ListItem.NextEndTime, - ,]</label>
				</control>
			</control>
			<control type="list" id="5010">
				<left>70</left>
				<top>85</top>
				<width>559</width>
				<height>534</height>
				<onleft>100</onleft>
				<onright>70</onright>
				<onup>50</onup>
				<ondown>50</ondown>
				<viewtype label="537">list</viewtype>
				<pagecontrol>70</pagecontrol>
				<scrolltime>200</scrolltime>
				<itemlayout height="38" width="590">
					<control type="image">
						<left>0</left>
						<top>0</top>
						<width>559</width>
						<height>38</height>
						<texture border="2">MenuItemNF.png</texture>
						<include>VisibleFadeEffect</include>
					</control>
					<control type="label">
						<left>3</left>
						<top>1</top>
						<width>40</width>
						<height>35</height>
						<font>font13</font>
						<align>left</align>
						<aligny>center</aligny>
						<textcolor>grey</textcolor>
						<selectedcolor>grey</selectedcolor>
						<info>ListItem.ChannelNumberLabel</info>
					</control>
					<control type="image">
						<left>50</left>
						<top>2</top>
						<width>35</width>
						<height>35</height>
						<texture>$INFO[ListItem.Icon]</texture>
						<aspectratio>keep</aspectratio>
					</control>
					<control type="label">
						<left>100</left>
						<top>1</top>
						<width>160</width>
						<height>31</height>
						<font>font13</font>
						<textcolor>white</textcolor>
						<selectedcolor>selected</selectedcolor>
						<align>left</align>
						<aligny>center</aligny>
						<label>$INFO[ListItem.Label]</label>
					</control>
					<control type="label">
						<left>270</left>
						<top>1</top>
						<width>220</width>
						<height>31</height>
						<font>fontContextMenu</font>
						<textcolor>grey</textcolor>
						<selectedcolor>grey</selectedcolor>
						<align>left</align>
						<aligny>center</aligny>
						<label>$INFO[ListItem.Title]</label>
						<visible>IsEmpty(Listitem.Icon)</visible>
					</control>
					<control type="label">
						<left>270</left>
						<top>1</top>
						<width>220</width>
						<height>31</height>
						<font>fontContextMenu</font>
						<textcolor>grey</textcolor>
						<selectedcolor>grey</selectedcolor>
						<align>left</align>
						<aligny>center</aligny>
						<label>$INFO[ListItem.Title]</label>
						<visible>!IsEmpty(Listitem.Icon)</visible>
					</control>
					<control type="progress">
						<description>Progressbar</description>
						<left>100</left>
						<top>28</top>
						<width>421</width>
						<height>7</height>
						<colordiffuse>88FFFFFF</colordiffuse>
						<visible>ListItem.HasEpg</visible>
						<info>ListItem.Progress</info>
					</control>
					<control type="image">
						<left>503</left>
						<top>5</top>
						<width>30</width>
						<height>20</height>
						<texture>PVR-IsRecording.png</texture>
						<visible>ListItem.IsRecording</visible>
					</control>
				</itemlayout>
				<focusedlayout height="38" width="590">
					<control type="image">
						<left>0</left>
						<top>0</top>
						<width>555</width>
						<height>38</height>
						<texture border="2">MenuItemNF.png</texture>
						<visible>!Control.HasFocus(5010)</visible>
						<include>VisibleFadeEffect</include>
					</control>
					<control type="image">
						<left>0</left>
						<top>0</top>
						<width>555</width>
						<height>35</height>
						<texture border="2" colordiffuse="$VAR[MainColorOne]">MenuItemFO.png</texture>
						<visible>Control.HasFocus(5010)</visible>
						<include>VisibleFadeEffect</include>
					</control>
					<control type="label">
						<left>3</left>
						<top>1</top>
						<width>40</width>
						<height>35</height>
						<font>font13</font>
						<align>left</align>
						<aligny>center</aligny>
						<textcolor>grey</textcolor>
						<selectedcolor>grey</selectedcolor>
						<info>ListItem.ChannelNumberLabel</info>
					</control>
					<control type="image">
						<left>50</left>
						<top>2</top>
						<width>35</width>
						<height>35</height>
						<texture>$INFO[ListItem.Icon]</texture>
						<aspectratio>keep</aspectratio>
					</control>
					<control type="label">
						<left>100</left>
						<top>1</top>
						<width>160</width>
						<height>31</height>
						<font>font13</font>
						<textcolor>white</textcolor>
						<selectedcolor>selected</selectedcolor>
						<align>left</align>
						<aligny>center</aligny>
						<label>$INFO[ListItem.Label]</label>
					</control>
					<control type="label">
						<left>270</left>
						<top>1</top>
						<width>220</width>
						<height>31</height>
						<font>fontContextMenu</font>
						<textcolor>grey</textcolor>
						<selectedcolor>grey</selectedcolor>
						<align>left</align>
						<aligny>center</aligny>
						<label>$INFO[ListItem.Title]</label>
						<visible>IsEmpty(Listitem.Icon)</visible>
					</control>
					<control type="label">
						<left>270</left>
						<top>1</top>
						<width>220</width>
						<height>31</height>
						<font>fontContextMenu</font>
						<textcolor>grey</textcolor>
						<selectedcolor>grey</selectedcolor>
						<align>left</align>
						<aligny>center</aligny>
						<label>$INFO[ListItem.Title]</label>
						<visible>!IsEmpty(Listitem.Icon)</visible>
					</control>
					<control type="progress">
						<description>Progressbar</description>
						<left>100</left>
						<top>28</top>
						<width>421</width>
						<height>7</height>
						<colordiffuse>88FFFFFF</colordiffuse>
						<visible>ListItem.HasEpg</visible>
						<info>ListItem.Progress</info>
					</control>
					<control type="image">
						<left>503</left>
						<top>5</top>
						<width>30</width>
						<height>20</height>
						<texture>PVR-IsRecording.png</texture>
						<visible>ListItem.IsRecording</visible>
					</control>
				</focusedlayout>
			</control>
			<control type="scrollbar" id="70">
				<left>615</left>
				<top>85</top>
				<width>25</width>
				<height>540</height>
				<texturesliderbackground border="0,14,0,14">ScrollBarV.png</texturesliderbackground>
				<texturesliderbar border="0,14,0,14">ScrollBarV_bar.png</texturesliderbar>
				<texturesliderbarfocus border="0,14,0,14" colordiffuse="$VAR[MainColorOne]">ScrollBarV_bar_focus.png</texturesliderbarfocus>
				<textureslidernib colordiffuse="$VAR[MainColorOne]">ScrollBarNib.png</textureslidernib>
				<textureslidernibfocus colordiffuse="$VAR[MainColorOne]">ScrollBarNib.png</textureslidernibfocus>
				<onleft>50</onleft>
				<onright>800</onright>
				<showonepage>false</showonepage>
				<orientation>vertical</orientation>
			</control>
			<control type="label">
				<animation effect="slide" start="0,0" end="-90,0" time="0" condition="system.getbool(input.enablemouse)">Conditional</animation>
				<description>Page Count Label</description>
				<right>405</right>
				<top>53r</top>
				<width>500</width>
				<height>20</height>
				<font>font12</font>
				<textcolor>grey</textcolor>
				<scroll>false</scroll>
				<align>right</align>
				<aligny>center</aligny>
				<label>([COLOR=$VAR[MainColorOne]]$INFO[Container(5010).NumItems][/COLOR]) $LOCALIZE[19019] - $LOCALIZE[31024] ([COLOR=$VAR[MainColorOne]]$INFO[Container(5010).CurrentPage]/$INFO[Container(5010).NumPages][/COLOR])</label>
				<include>Window_OpenClose_Animation</include>
				<visible>[!Player.HasMedia | Skin.HasSetting(HideNowPlayingInfo)] + !Skin.HasSetting(HidePageCountInfo)</visible>
			</control>
		</control>
	</include>	








        <!-- ID: 5733 -->
	<include name="AeonMQ5">
	<control type="group">
	<visible>Control.IsVisible(5733)</visible>
	<control type="image">
	<posx>0</posx>
	<posy>0</posy>
	<width>1280</width>
	<height>720</height>
	<texture fallback="special://skin/backgrounds/tv.jpg">$INFO[Skin.String(Home_Custom_Back_TV_Folder)]</texture>
	<colordiffuse>C3FFFFFF</colordiffuse>
	</control>		
	<control type="videowindow">
		<posx>0</posx>
		<posy>0</posy>
		<width>1280</width>
		<height>720</height>
		<visible>Player.HasVideo</visible>
		<animation effect="slide" start="0,0" end="-2000,0" time="0">WindowClose</animation>
	</control>
	<animation effect="fade" reversible="true" time="300">VisibleChange</animation>
	<visible>Control.IsVisible(5733)</visible>
	<control type="group"><!-- Mobilia -->
	<visible>Control.IsVisible(5733) | Control.IsVisible(12)</visible>
	<animation effect="slide" time="400" start="0,0" end="0,400" easing="in" tween="cubic" condition="Player.HasMedia + System.IdleTime(8) | Control.HasFocus(9920)">Conditional</animation>
	<control type="image">
	<posx>300</posx>
	<posy>387</posy>
	<width>980</width>
	<height>10</height>
	<texture>black-back.png</texture>
	<colordiffuse>C3FFFFFF</colordiffuse>
	</control>
	<control type="image">
	<posx>300</posx>
	<posy>654</posy>
	<width>980</width>
	<height>10</height>
	<texture flipy="true">black-back.png</texture>
	<colordiffuse>C3FFFFFF</colordiffuse>
	</control>
	<control type="image">
	<posx>300</posx>
	<posy>396</posy>
	<width>980</width>
	<height>259</height>
	<texture>black-back.png</texture>
	<colordiffuse>$VAR[value_texturecolor]</colordiffuse>
	<animation effect="fade" end="100" condition="true">Conditional</animation>
	</control>
	<control type="image">
	<posx>348</posx>
	<posy>428</posy>
	<width>225</width>
	<height>225</height>
	<texture fallback="DefaultVideoCover.png" background="true">$INFO[Container(5733).ListItem.Icon]</texture>
	<fadetime>FanartCrossFadeTime</fadetime>
	<aspectratio>keep</aspectratio>
	<visible>Control.IsVisible(5733)</visible>
	</control>
	<control type="image">
	<posx>1100</posx>
	<posy>400</posy>
	<width>135</width>
	<height>95</height>
	<texture>$INFO[Container(5733).ListItem.Plotoutline]</texture>
	<fadetime>FanartCrossFadeTime</fadetime>
	<aspectratio>stretch</aspectratio>
	<visible>Control.IsVisible(5733)</visible>
	</control>
	<control type="label"><!-- Nome do canal -->
	<posx>615</posx>
	<posy>400</posy>
	<width>625</width>
	<height>20</height>
	<textcolor>blue</textcolor>
	<font>Font_20A</font>
	<label>$INFO[ListItem.Label]</label>
	<scroll>true</scroll>
	</control>
	<control type="label"><!-- Nome do programa -->
	<posx>615</posx>
	<posy>425</posy>
	<width>625</width>
	<height>20</height>
	<textcolor>FFFFFAF0</textcolor>
	<font>Font_18A</font>
	<label>$INFO[ListItem.Title]</label>
	<scroll>true</scroll>
	</control>
	<control type="image">
	<posx>615</posx>
	<posy>448</posy>
	<width>625</width>
	<height>2</height>
	<align>left</align>
	<texture flipx="true">divider.png</texture>
	</control>
	<control type="label"><!-- Genero -->
	<posx>615</posx>
	<posy>450</posy>
	<width>625</width>
	<height>20</height>
	<align>left</align>
	<textcolor>grey2</textcolor>
	<font>Font_18A</font>
	<label>$INFO[ListItem.Genre]</label>
	<scroll>true</scroll>
	</control>
	<control type="image">
	<posx>615</posx>
	<posy>473</posy>
	<width>625</width>
	<height>2</height>
	<align>left</align>
	<texture flipx="true">divider.png</texture>
	</control>
	<control type="label">
	<posx>615</posx>
	<posy>476</posy>
	<width>160</width>
	<height>20</height>
	<font>Font_18A</font>
	<textcolor>FFFFFAF0</textcolor>>
	<label>$INFO[ListItem.StartTime]$INFO[ListItem.EndTime, / ]</label>
	<animation effect="fade" reversible="true" time="300">VisibleChange</animation>
	</control>	
	<control type="progress">
	<posx>615</posx>
	<posy>500</posy>
	<width>625</width>
	<height>5</height>
	<colordiffuse>blue</colordiffuse>
	<visible>ListItem.HasEpg</visible>
	<info>Container(5733).ListItem.Progress</info>
	</control>
	<control type="textbox">
	<posx>615</posx>
	<posy>505</posy>
	<width>625</width>
	<height>145</height>
	<textcolor>FFFFFAF0</textcolor>
	<font>Font_18A</font>
	<label>$INFO[ListItem.Plot]</label>
	<autoscroll delay="15000" time="3000" repeat="15000">!Skin.HasSetting(noallowscroll)</autoscroll>
	<animation effect="fade" reversible="true" time="300">VisibleChange</animation>
	</control>
</control>
	<control type="image">
	<posx>300</posx>
	<posy>0</posy>
	<width>30</width>
	<height>720</height>
	<texture>shadow.png</texture>
	<colordiffuse>C3FFFFFF</colordiffuse>
	</control>
	<control type="image">
	<posx>298</posx>
	<posy>0</posy>
	<width>2</width>
	<height>720</height>
	<texture>separator_v.png</texture>
	</control>
	<control type="image">
	<posx>0</posx>
	<posy>688</posy>
	<width>298</width>
	<height>3</height>
	<texture flipx="true">divider.png</texture>
	<colordiffuse>90FFFFFF</colordiffuse>
	</control>
	<control type="label">
	<posx>20</posx>
	<posy>695</posy>
	<width>260</width>
	<height>22</height>
	<font>Font_9</font>
	<align>left</align>
	<textcolor>blue</textcolor>
	<label>[UPPERCASE]$INFO[Control.GetLabel(28)][COLOR=80ffffff] | [/COLOR]$VAR[value_pvrnumitems][/UPPERCASE]</label>
	<scroll>false</scroll>
	<scrollout>false</scrollout>
	</control>

	<control type="image">
	<posx>0</posx>
	<posy>0</posy>
	<width>340</width>
	<height>720</height>
	<texture>black-back.png</texture>
	<animation effect="slide" start="0,0" end="-320,0" time="300" easing="out" tween="cubic" condition="Player.HasVideo + System.IdleTime(8) | Control.HasFocus(9920)">Conditional</animation>
	</control>

	<control type="list" id="5733">
	<animation effect="slide" start="0,0" end="-320,0" time="300" easing="out" tween="cubic" condition="Player.HasVideo + System.IdleTime(8) | Control.HasFocus(9920)">Conditional</animation>
	<posx>20</posx>
	<posy>65</posy>
	<width>300</width>
	<height>600</height>
	<onleft>2</onleft>
	<viewtype label="AeonMQ5">list</viewtype>
	<onright condition="Player.HasVideo">600</onright>
	<ondown>5733</ondown>
	<orientation>vertical</orientation>
	<focusposition>2</focusposition>
	<scrolltime>300</scrolltime>
	<pagecontrol>71</pagecontrol>
	<itemlayout width="300" height="60">	
	<control type="image">
	<posx>0</posx>
	<posy>0</posy>
	<width>318</width>
	<height>3</height>
	<texture flipx="true">divider.png</texture>
	<colordiffuse>90FFFFFF</colordiffuse>
	</control>
	<control type="label">
	<posx>20</posx>
	<posy>0</posy>
	<width>220</width>
	<height>35</height>
	<font>Font_11</font>
	<label>$INFO[ListItem.ChannelNumberLabel]$INFO[ListItem.Label, - ]</label>
	<align>left</align>
	<aligny>center</aligny>
	<textcolor>white</textcolor>
	<selectedcolor>blue</selectedcolor>
	</control>
	<control type="label">
	<posx>20</posx>
	<posy>28</posy>
	<width>220</width>
	<height>20</height>
	<font>Font_10</font>
	<label>$INFO[ListItem.Title]</label>
	<align>left</align>
	<aligny>center</aligny>
	<textcolor>grey2</textcolor>
	<selectedcolor>blue</selectedcolor>
	</control>
	<control type="progress">
	<posx>20</posx>
	<posy>50</posy>
	<width>220</width>
	<height>4</height>
	<colordiffuse>blue</colordiffuse>
	<visible>ListItem.HasEpg</visible>
	<info>ListItem.Progress</info>
	</control>
	<control type="image">
	<posx>240</posx>
	<posy>5</posy>
	<width>60</width>
	<height>60</height>
	<texture>$INFO[ListItem.Icon]</texture>
	</control>
	</itemlayout>
	<focusedlayout width="320" height="60">
	<control type="image">
	<width>320</width>
	<height>60</height>
	<texture border="2">MenuItemFO.png</texture>
	<visible>Control.HasFocus(5733)</visible>
	<include>VisibleFadeEffect</include>
	</control>	
	<control type="image">
	<posx>0</posx>
	<posy>0</posy>
	<width>319</width>
	<height>60</height>
	<texture>settings_button.png</texture>
	<animation effect="fade" start="100" end="50" time="50" condition="!Control.Hasfocus(5733)">conditional</animation>
	</control>
	<control type="label">
	<posx>20</posx>
	<posy>1</posy>
	<width>220</width>
	<height>35</height>
	<font>Font_11</font>
	<label>$INFO[ListItem.ChannelNumberLabel]$INFO[ListItem.Label, - ]</label>
	<align>left</align>
	<aligny>center</aligny>
	<textcolor>white</textcolor>
	<selectedcolor>88FFFFFF</selectedcolor>
	<animation effect="fade" start="100" end="50" time="0" condition="!Control.Hasfocus(5733)">conditional</animation>
	</control>
	<control type="label">
	<posx>20</posx>
	<posy>28</posy>
	<width>220</width>
	<height>20</height>
	<font>Font_10</font>
	<label>$INFO[ListItem.Title]</label>
	<align>left</align>
	<aligny>center</aligny>
	<textcolor>grey2</textcolor>
	<selectedcolor>88FFFFFF</selectedcolor>
	</control>
	<control type="progress">
	<posx>20</posx>
	<posy>50</posy>
	<width>220</width>
	<height>4</height>
	<info>ListItem.Progress</info>
	<visible>ListItem.HasEpg</visible>
	</control>
	</focusedlayout>
	</control>
	</control>
	</include>










	<include name="ViewShelf">
		<control type="group">
			<control type="image">
				<left>750</left>
				<top>80</top>
				<width>480</width>
				<height>230</height>
				<texture>3dwall_vignette.png</texture>
				<fadetime>FanartCrossFadeTime</fadetime>
				<aspectratio>stretch</aspectratio>
				<visible>Control.IsVisible(5734)</visible>
			</control>
			<visible>Control.IsVisible(5734)</visible>
				<control type="videowindow">
				<left>750</left>
				<top>80</top>
				<width>480</width>
				<height>230</height>
				<visible>Player.HasVideo</visible>	
			</control>
			<!--<control type="image">
				<posx>0</posx>
				<posy>0</posy>
				<width>675</width>
				<height>125</height>
				<texture>3dwall_vignette.png</texture>
				<fadetime>FanartCrossFadeTime</fadetime>
				<aspectratio>stretch</aspectratio>
				<visible>Control.IsVisible(5734)</visible>
			</control>-->
			<control type="image">
				<posx>80</posx>
				<posy>80</posy>
				<width>145</width>
				<height>105</height>
				<texture fallback="" background="true">$INFO[Container(5734).ListItem.PlotOutline]</texture>
				<fadetime>FanartCrossFadeTime</fadetime>
				<aspectratio>stretch</aspectratio>
				<visible>Control.IsVisible(5734)</visible>
			</control>
			<control type="image">
				<posx>80</posx>
				<posy>80</posy>
				<width>145</width>
				<height>105</height>
				<texture fallback="" background="true">$INFO[Container(5734).ListItem.Icon]</texture>
				<fadetime>FanartCrossFadeTime</fadetime>
				<aspectratio>stretch</aspectratio>
				<!--<visible>Control.IsVisible(5734) + String.IsEmpty(ListItem.PlotOutline)</visible>-->
				<visible>Control.IsVisible(5734) </visible>
			</control>
			<control type="label">
				<description>Current Channel Name</description>
				<left>670</left>
				<top>310</top>
				<width>650</width>
				<height>45</height>
				<font>font14</font>
				<textcolor>grey2</textcolor>
				<align>center</align>
				<aligny>center</aligny>
				<label>[B]$INFO[VideoPlayer.ChannelName][/B]</label>
				<visible>Player.HasVideo</visible>
			</control>


			<control type="label">
				<description>Channel Name</description>
				<left>250</left>
				<top>100</top>
				<width>650</width>
				<height>55</height>
				<font>font14</font>
				<textcolor>grey2</textcolor>
				<align>left</align>
				<aligny>center</aligny>
				<label>[B]$INFO[ListItem.ChannelName][/B]</label>
		<!--		<visible>ListItem.HasEpg</visible>-->
			</control>
			<control type="label">
				<left>250</left>
				<top>160</top>
				<width>450</width>
				<height>40</height>
				<font>Font_18A</font>
				<textcolor>FFFFFAF0</textcolor>>
				<label>$INFO[ListItem.StartTime]$INFO[ListItem.EndTime, / ]</label>
				<animation effect="fade" reversible="true" time="300">VisibleChange</animation>
				<visible>ListItem.HasEpg</visible>
			</control>
			<control type="textbox" id="1">
				<description>Description Value The Movie</description>
				<left>80</left>
				<top>190</top>
				<width>650</width>
				<height>145</height>
				<align>justify</align>
				<textcolor>white</textcolor>
				<font>font12</font>
				<autoscroll time="4000" delay="3000" repeat="5000">Skin.HasSetting(AutoScroll)</autoscroll>
				<label>[B]$INFO[ListItem.Plot][/B]</label>
				<visible>ListItem.HasEpg</visible>
			</control>
			<control type="label">
				<description>Current Video label</description>
				<left>250</left>
				<top>80</top>
				<width>550</width>
				<height>35</height>
				<font>font22</font>
				<textcolor>blue</textcolor>
				<align>left</align>
				<aligny>center</aligny>
				<label>$INFO[ListItem.Title]</label>
				<visible>ListItem.HasEpg</visible>
			</control>

	
    <control type="list" id="5734">
	<viewtype label="ViewShelf">list</viewtype>
	<posx>70</posx>
	<posy>310</posy>
	<height>415</height>
	<width>1200</width>
	<onleft>5734</onleft>
	<onright>5734</onright>
	<onup>9900</onup>
	<ondown>2</ondown>
	<orientation>horizontal</orientation>
	<focusposition>3</focusposition>
	<scrolltime>400</scrolltime>
	<preloaditems>2</preloaditems>
	<pagecontrol>80</pagecontrol>
	<camera x="1340" y="380" />
	<animation effect="rotatey" center="50" start="8" end="9" time="0" condition="true">Conditional</animation>
	<animation effect="slide" start="0,0" end="0,-8" time="300" tween="sine" easing="out" condition="Control.HasFocus(80)">Conditional</animation>

	<itemlayout width="88" height="122">
	
        <control type="group">
        	<posx>150</posx>
        	<posy>0</posy>
        	<control type="image"><!-- Estojo reflexo -->
        	<posx>-2</posx>
        	<posy>363</posy>
        	<width>14</width>
        	<height>152</height>
        	<texture>shelf_case_reflect.png</texture>
	</control>
	<control type="image"><!-- Estojo -->
        	<posx>-2</posx>
        	<posy>133</posy>
        	<width>14</width>
        	<height>168</height>
        	<texture>shelf_case.png</texture>
        	<aspectratio>stretch</aspectratio>
	</control>
        <!-- Borda reflexo -->
<!--
	<control type="image">
        	<posx>-150</posx>
        	<posy>367</posy>
        	<width>81.5</width>
        	<height>120.5</height>
        	<texture flipy="true" diffuse="thumb_shelf_reflect.png">thumb_shelf_border.png</texture>
        	<fadetime>200</fadetime>
        	<aspectratio>stretch</aspectratio>
        	<colordiffuse>30FFFFFF</colordiffuse>
	</control>
-->
        <!-- Poster reflexo -->
<!--	<control type="image">
        	<posx>-150</posx>
        	<posy>368</posy>
        	<width>81</width>
        	<height>120.5</height>
        	<texture flipy="true" diffuse="thumb_shelf_reflect.png" fallback="DefaultVideoPoster.png" background="true">$INFO[ListItem.Icon]</texture>
        	<fadetime>200</fadetime>
        	<aspectratio>stretch</aspectratio>
	</control>
-->
        <!-- Borda -->
	<control type="image">
        	<posx>-149</posx>
        	<posy>131</posy>
        	<width>81</width>
        	<height>120.5</height>
        	<texture>DialogBack.png</texture>
        	<fadetime>200</fadetime>
        	<aspectratio>stretch</aspectratio>
	</control>
<!--	<control type="label">
		<posx>-69</posx>
		<posy>85</posy>
		<width>71</width>
		<height>70.5</height>
		<font>font10</font>
		<textcolor>white</textcolor>
		<shadowcolor>black</shadowcolor>
		<scroll>true</scroll>
		<align>center</align>
		<aligny>center</aligny>
		<label>$INFO[ListItem.Label]</label>
		<animation effect="fade" start="100" end="0" time="3000" condition="Player.HasVideo + System.IdleTime(10) + !Skin.HasSetting(HideNowPlayingInfo)">Conditional</animation>
	</control>
-->
        <!-- Poster -->
	<control type="image">
        	<posx>-139</posx>
        	<posy>161</posy>
        	<width>65</width>
        	<height>65</height>
        	<texture>$INFO[ListItem.Icon]</texture>
        	<fadetime>200</fadetime>
        	<aspectratio>stretch</aspectratio>
	</control>

<!--	<control type="image">
	<posx>-28</posx>
	<posy>133</posy>
	<width>20</width>
	<height>20</height>
	<texture>$VAR[value_watchedstyle]</texture>
	<colordiffuse>$VAR[value_watchedcolor]</colordiffuse>

	</control>
-->
	</control>
	</itemlayout>

	<focusedlayout width="220" height="515">
	<control type="group">
	<posx>140</posx>
	<posy>0</posy>

        <!-- Estojo reflexo -->
<!--	<control type="image">
	<posx>44</posx>
	<posy>379</posy>
	<width>36</width>
	<height>330</height>
	<texture>shelf_case_reflect.png</texture>
	<aspectratio>stretch</aspectratio>
	<animation type="Focus" reversible="false">
	<effect type="zoom" center="60,238" start="80" end="100" time="600" tween="cubic" easing="out" />
	</animation>
	</control>
-->
	<control type="image"><!-- Estojo -->
	<posx>44</posx>
	<posy>92</posy>
	<width>36</width>
	<height>294</height>
	<texture>shelf_case.png</texture>
	<aspectratio>stretch</aspectratio>
	<animation type="Focus" reversible="false">
	<effect type="zoom" center="60,238" start="80" end="100" time="600" tween="cubic" easing="out" />
	</animation>
	</control>

        <!-- Borda reflexo -->
<!--	<control type="image">
	<posx>-148</posx>
	<posy>383</posy>
	<width>213</width>
	<height>300</height>
	<texture flipy="true" diffuse="thumb_shelf_reflect.png">thumb_shelf_border.png</texture>
	<fadetime>200</fadetime>
	<aspectratio>stretch</aspectratio>
	<colordiffuse>30FFFFFF</colordiffuse>
	<animation type="Focus" reversible="false">
	<effect type="zoom" center="60,238" start="80" end="100" time="600" tween="cubic" easing="out" />
	</animation>
	</control>
-->
        <!-- Poster reflexo  -->
<!--	<control type="image">
	<posx>-148</posx>
	<posy>384</posy>
	<width>211</width>
	<height>200</height>
	<texture flipy="true" diffuse="thumb_shelf_reflect.png">$INFO[ListItem.Icon]</texture>
	<fadetime>200</fadetime>
	<aspectratio>stretch</aspectratio>
	<animation type="Focus" reversible="false">
	<effect type="zoom" center="60,238" start="80" end="100" time="600" tween="cubic" easing="out" />
	</animation>
	</control>
-->






	<control type="image"><!-- Borda -->
	<posx>-148</posx>
	<posy>39</posy>
	<width>156</width>
	<height>225</height>
	<texture>DialogBack.png</texture>
	<fadetime>200</fadetime>
	<aspectratio scalediffuse="false">stretch</aspectratio>
	<animation type="Focus" reversible="false">
	<effect type="zoom" center="60,238" start="80" end="100" time="600" tween="cubic" easing="out" />
	</animation>
	</control>

	<control type="image"><!-- Poster  -->
	<posx>-138</posx>
	<posy>84</posy>
	<width>135</width>
	<height>134</height>
	<texture diffuse="thumb_shelf_diffuse.png">$INFO[ListItem.Icon]</texture>
	<fadetime>200</fadetime>
	<aspectratio scalediffuse="false">stretch</aspectratio>
	<animation type="Focus" reversible="false">
	<effect type="zoom" center="60,238" start="80" end="100" time="600" tween="cubic" easing="out" />
	</animation>
	</control>
	<control type="image">
	<posx>12</posx>
	<posy>91</posy>
	<width>50</width>
	<height>50</height>
	<texture>$VAR[value_watchedstyle]</texture>
	<colordiffuse>$VAR[value_watchedcolor]</colordiffuse>
	<animation type="Focus" reversible="false">
	<effect type="zoom" center="60,238" start="80" end="100" time="600" tween="cubic" easing="out" />
	</animation>
	</control>
	</control>
	</focusedlayout>
	<itemlayout width="176" height="245">
	<control type="group">
	<posx>150</posx>
	<posy>60</posy>
	<control type="image">
	<posx>-2</posx>
	<posy>133</posy>
	<width>26</width>
	<height>160</height>
	<texture>shelf_case.png</texture>
	<aspectratio scalediffuse="false">stretch</aspectratio>
	</control>
	<control type="image">
	<posx>-2</posx>
	<posy>284</posy>
	<width>40</width>
	<height>304</height>
	<texture>shelf_case_botton.png</texture>
	<colordiffuse>89FFFFFF</colordiffuse>
	<aspectratio scalediffuse="false">stretch</aspectratio>
	</control>
	<control type="image">
	<posx>-149</posx>
	<posy>131</posy>
	<width>162</width>
	<height>162</height>
	<texture>thumb_cdmask_diffuse.png</texture>
	</control>
	<control type="image">
	<posx>-149</posx>
	<posy>131</posy>
	<width>162</width>
	<height>162</height>
	<texture diffuse="thumb_cdmask_diffuse.png" background="true">$INFO[ListItem.Icon]</texture>
	<fadetime>200</fadetime>
	<aspectratio scalediffuse="false">stretch</aspectratio>
	</control>
	<control type="image">
	<posx>-150</posx>
	<posy>290</posy>
	<width>162</width>
	<height>162</height>
	<texture flipy="true">thumb_shelf_border_diffuse.png</texture>
	<fadetime>200</fadetime>
	<colordiffuse>89FFFFFF</colordiffuse>
	<aspectratio scalediffuse="false">stretch</aspectratio>
	<animation effect="fade" start="0" end="30" time="0" condition="true">Conditional</animation>
	</control>
	<control type="image">
	<posx>-150</posx>
	<posy>290</posy>
	<width>162</width>
	<height>162</height>
	<texture flipy="true" diffuse="thumb_cdmask_diffuse.png" background="true">$INFO[ListItem.Icon]</texture>
	<fadetime>200</fadetime>
	<colordiffuse>89FFFFFF</colordiffuse>
	<aspectratio scalediffuse="false">stretch</aspectratio>
	</control>
	</control>
	</itemlayout>
	<focusedlayout width="220" height="515">
	<control type="group">
	<posx>140</posx>
	<posy>60</posy>
	<control type="image">
	<posx>44</posx>
	<posy>93</posy>
	<width>36</width>
	<height>206</height>
	<texture>shelf_case.png</texture>
	<aspectratio scalediffuse="false">stretch</aspectratio>
	<animation type="Focus" reversible="false">
	<effect type="zoom" center="60,238" start="80" end="100" time="600" tween="cubic" easing="out" />
	<effect type="fade" start="0" end="100" time="600" />
	</animation>
	</control>
	<control type="image">
	<posx>48</posx>
	<posy>289</posy>
	<width>48</width>
	<height>304</height>
	<texture>shelf_case_botton.png</texture>
	<aspectratio scalediffuse="false">stretch</aspectratio>
	<animation type="Focus" reversible="false">
	<effect type="zoom" center="60,238" start="80" end="100" time="600" tween="cubic" easing="out" />
	<effect type="fade" start="0" end="800" time="800" />
	</animation>
	</control>
	<control type="image">
	<posx>-148</posx>
	<posy>90</posy>
	<width>211</width>
	<height>211</height>
	<texture>thumb_cdmask_diffuse.png</texture>
	<fadetime>200</fadetime>
	<aspectratio scalediffuse="false">stretch</aspectratio>
	<animation type="Focus" reversible="false">
	<effect type="zoom" center="60,238" start="80" end="100" time="600" tween="cubic" easing="out" />
	</animation>
	</control>
	<control type="image">
	<posx>-148</posx>
	<posy>302</posy>
	<width>211</width>
	<height>211</height>
	<texture flipy="true">thumb_cdmask_diffuse.png</texture>
	<colordiffuse>ff000000</colordiffuse>
	<aspectratio scalediffuse="false">stretch</aspectratio>
	<animation type="Focus" reversible="false">
	<effect type="zoom" center="60,238" start="80" end="100" time="600" tween="cubic" easing="out" />
	<effect type="fade" start="0" end="100" time="600" />
	</animation>
	</control>
	<control type="image">
	<posx>-148</posx>
	<posy>90</posy>
	<width>211</width>
	<height>211</height>
	<texture diffuse="thumb_cdmask_diffuse.png" background="true">$INFO[ListItem.Icon]</texture>
	<fadetime>200</fadetime>
	<aspectratio scalediffuse="false">stretch</aspectratio>
	<animation type="Focus" reversible="false">
	<effect type="zoom" center="60,238" start="80" end="100" time="600" tween="cubic" easing="out" />
	</animation>
	</control>
	<control type="image">
	<posx>-146</posx>
	<posy>298</posy>
	<width>211</width>
	<height>211</height>
	<texture flipy="true">thumb_cdmask_diffuse.png</texture>
	<fadetime>200</fadetime>
	<aspectratio scalediffuse="false">stretch</aspectratio>
	<animation type="Focus" reversible="false">
	<effect type="zoom" center="60,238" start="80" end="100" time="600" tween="cubic" easing="out" />
	<effect type="fade" start="0" end="30" time="600" />
	</animation>
	</control>
	<control type="image">
	<posx>-148</posx>
	<posy>298</posy>
	<width>211</width>
	<height>211</height>
	<texture flipy="true" diffuse="thumb_cdmask_diffuse.png" background="true">$INFO[ListItem.Icon]</texture>
	<fadetime>200</fadetime>
	<aspectratio scalediffuse="false">stretch</aspectratio>
	<animation type="Focus" reversible="false">
	<effect type="zoom" center="60,238" start="80" end="100" time="600" tween="cubic" easing="out" />
	<effect type="fade" start="0" end="70" time="600" />
	</animation>
	</control>
	</control>
	</focusedlayout>
	</control>
	</control>

<control type="grouplist"><!-- Etiquetas -->
					<posx>15</posx>
					<posy>625</posy>
	<orientation>vertical</orientation>
	<itemgap>17</itemgap>
				<control type="label">
					<posx>650r</posx>
					<width>390</width>
					<font>font10</font>
					<textcolor>blue</textcolor>
					<align>left</align>
					<aligny>center</aligny>
					<scroll>false</scroll>
					<label> </label>
					<animation effect="fade" start="100" end="0" time="3000" condition="Player.HasVideo + System.IdleTime(10) + !Skin.HasSetting(HideNowPlayingInfo)">Conditional</animation>
				</control>	
				<control type="label">
					<posx>650r</posx>
					<width>390</width>
					<font>font10</font>
					<textcolor>blue</textcolor>
					<align>left</align>
					<aligny>center</aligny>
					<scroll>false</scroll>
					<visible>!String.IsEmpty(Container(5734).ListItem.OriginalTitle)</visible>
					<label>   OriginalTitle: $INFO[ListItem.OriginalTitle]</label>
					<onclick>RunScript(script.metadata.actors,$INFO[ListItem.OriginalTitle)]</onclick>	
					<animation effect="fade" start="100" end="0" time="3000" condition="Player.HasVideo + System.IdleTime(10) + !Skin.HasSetting(HideNowPlayingInfo)">Conditional</animation>
				</control>				
				<control type="label">
					<posx>650r</posx>
					<width>390</width>
					<font>font10</font>
					<textcolor>blue</textcolor>
					<align>left</align>
					<aligny>center</aligny>
					<scroll>false</scroll>
					<visible>!String.IsEmpty(Container(5734).ListItem.Actor)</visible>
					<label>                Cast: $INFO[Container(5734).ListItem.Actor]</label>
					<onclick>RunScript(script.metadata.actors,$INFO[ListItem.Actor)]</onclick>	
					<animation effect="fade" start="100" end="0" time="3000" condition="Player.HasVideo + System.IdleTime(10) + !Skin.HasSetting(HideNowPlayingInfo)">Conditional</animation>
				</control>
				<control type="label">
					<posx>650r</posx>
					<width>390</width>
					<font>font10</font>
					<textcolor>blue</textcolor>
					<align>left</align>
					<aligny>center</aligny>
					<scroll>false</scroll>
					<visible>!String.IsEmpty(Container(5734).ListItem.Director)</visible>
					<label>          Director: $INFO[Container(5734).ListItem.Director]</label>
					<onclick>RunScript(script.metadata.actors,$INFO[ListItem.Director)]</onclick>	
					<animation effect="fade" start="100" end="0" time="3000" condition="Player.HasVideo + System.IdleTime(10) + !Skin.HasSetting(HideNowPlayingInfo)">Conditional</animation>
				</control>
				<control type="label">
					<posx>650r</posx>
					<width>390</width>
					<font>font10</font>
					<textcolor>blue</textcolor>
					<align>left</align>
					<aligny>center</aligny>
					<scroll>false</scroll>
					<visible>!String.IsEmpty(Container(5734).ListItem.Writer)</visible>
					<label>              Writer: $INFO[Container(5734).ListItem.Writer]</label>
					<onclick>RunScript(script.metadata.actors,$INFO[ListItem.Writer)]</onclick>	
					<animation effect="fade" start="100" end="0" time="3000" condition="Player.HasVideo + System.IdleTime(10) + !Skin.HasSetting(HideNowPlayingInfo)">Conditional</animation>
				</control>
				<control type="label">
					<posx>680r</posx>
					<width>390</width>
					<font>font10</font>
					<textcolor>blue</textcolor>
					<align>left</align>
					<aligny>center</aligny>
					<scroll>false</scroll>
					<visible>!String.IsEmpty(Container(5734).ListItem.EpisodeName)</visible>
					<label>EpisodeName: $INFO[Container(5734).ListItem.EpisodeName]</label>
					<animation effect="fade" start="100" end="0" time="3000" condition="Player.HasVideo + System.IdleTime(10) + !Skin.HasSetting(HideNowPlayingInfo)">Conditional</animation>
				</control>			
				<control type="label">
					<posx>680r</posx>
					<width>390</width>
					<font>font10</font>
					<textcolor>blue</textcolor>
					<align>left</align>
					<aligny>center</aligny>
					<scroll>false</scroll>
					<visible>!String.IsEmpty(Container(5734).ListItem.YearEPG)</visible>
					<label>        Year EPG: $INFO[Container(5734).ListItem.YearEPG]</label>	
					<animation effect="fade" start="100" end="0" time="3000" condition="Player.HasVideo + System.IdleTime(10) + !Skin.HasSetting(HideNowPlayingInfo)">Conditional</animation>
				</control>
			</control>				
				
	</include>	









	<include name="AllWidthList">
	
		<control type="group">
			<visible>Control.IsVisible(5060)</visible>
			<include>VisibleFadeEffect</include>
			<control type="wraplist" id="5060">
				<posx>850</posx>
				<posy>70</posy>
				<height>560</height>
				<width>540</width>
				<onleft>9000</onleft>
				<onright>60</onright>
				<onup>5060</onup>
				<ondown>5060</ondown>
				<pagecontrol>60</pagecontrol>
				<viewtype label="AllWidthList">list</viewtype>
				<orientation>vertical</orientation>
				<scrolltime>300</scrolltime>
				<focusposition>2</focusposition>
				<preloaditems>2</preloaditems>
				<itemlayout condition="Control.IsVisible(5060)" width="380" height="105">
					<control type="image">
						<width>380</width>
						<height>105</height>
						<!--<texture>ContentPanel.png</texture>-->
                                                <texture border="2">MenuItemNF.png</texture>
					</control>
					<control type="label">
						<posx>50</posx>
						<posy>70</posy>
						<width>180</width>
						<height>30</height>
						<font>font12</font>
						<textcolor>grey</textcolor>
						<selectedcolor>grey</selectedcolor>
						<align>left</align>
						<aligny>center</aligny>
						<label>$INFO[ListItem.Title]</label>
					</control>
					<control type="progress">
						<description>Progressbar</description>
						<posx>50</posx>
						<posy>10</posy>
						<width>200</width>
						<height>10</height>
						<visible>Container(5060).ListItem.HasEpg</visible>
						<animation effect="fade" start="100" end="0" time="3000" condition="Player.HasVideo + System.IdleTime(10) + !Skin.HasSetting(HideNowPlayingInfo)">Conditional</animation>
						<info>Container(5060).ListItem.Progress</info>
					</control>
					<control type="label">
						<posx>50</posx>
						<posy>30</posy>
						<width>330</width>
						<height>89</height>
						<align>left</align>
						<font>font22_title</font>
						<textcolor>grey2</textcolor>
							<selectedcolor>blue</selectedcolor>
						<label>[B]$INFO[ListItem.Label][/B]</label>
					</control>
					<control type="image">
						<posx>260</posx>
						<posy>5</posy>
						<width>115</width>
						<height>90</height>
						<texture>$INFO[ListItem.Icon]</texture>
					</control>

				</itemlayout>
				<focusedlayout condition="Control.IsVisible(5060)" width="380" height="140">
					<control type="image">
						<width>380</width>
						<height>142</height>
						<!--<texture>ContentPanel.png</texture>-->
                                                <texture border="2">MenuItemFO.png</texture>
						<!--<include>VisibleFadeEffect</include>-->
					</control> 
					<control type="image">
						<posx>50</posx>
						<posy>85</posy>
						<width>65</width>
						<height>50</height>						
						<animation type="Focus" reversible="false">
							<effect type="zoom" center="auto" start="100" end="125" time="600" tween="back" easing="out" />
						</animation>
						<texture>$INFO[ListItem.Icon]</texture>
					</control>
					<control type="label">
						<posx>70</posx>
						<posy>30</posy>
						<width>270</width>
						<height>89</height>
						<align>left</align>
						<aligny>bottom</aligny>
						<font>font28_title</font>
						<textcolor>white</textcolor>
						<selectedcolor>blue</selectedcolor>
						<label>[B]$INFO[ListItem.Label][/B]</label>
						<animation type="Focus" reversible="false">
							<effect type="zoom" center="auto" start="100" end="125" time="600" tween="back" easing="out" />
						</animation>
					</control>
				</focusedlayout>
				</control>
			<control type="scrollbar" id="60">
				<posx>1220</posx>
				<posy>70</posy>
				<width>25</width>
				<height>580</height>
				<texturesliderbackground border="0,14,0,14">ScrollBarV.png</texturesliderbackground>
				<texturesliderbar border="0,14,0,14">ScrollBarV_bar.png</texturesliderbar>
				<texturesliderbarfocus border="0,14,0,14">ScrollBarV_bar_focus.png</texturesliderbarfocus>
				<textureslidernib>ScrollBarNib.png</textureslidernib>
				<textureslidernibfocus>ScrollBarNib.png</textureslidernibfocus>
				<onleft>5060</onleft>
				<onright condition="Skin.HasSetting(DisableHomeReturnButtons)">9000</onright>
				<onright condition="!Skin.HasSetting(DisableHomeReturnButtons)">82</onright>
				<showonepage>true</showonepage>
				<orientation>vertical</orientation>
				<visible>Control.IsVisible(5060)</visible>
			</control>
			<control type="group">
				<visible>Control.IsVisible(5060)</visible>
				<posx>60</posx>
				<posy>70</posy>
				<control type="image">
					<posx>-2</posx>
					<posy>-2</posy>
					<width>789</width>
					<height>439</height>
					<texture>ContentPanel.png</texture>
				</control>
				<control type="image">
					<animation effect="zoom" start="90" end="120" center="auto" time="1550">Focus</animation>
					<posx>10</posx>
					<posy>30</posy>
					<width>400</width>
					<height>280</height>
					<texture>$INFO[ListItem.Icon]</texture>
					<camera x="250" y="250"/>
					<animation condition="true" effect="rotatey" center="100" start="-45" end="-35" time="0">Conditional</animation>
					<visible>!Player.HasVideo + !Control.IsVisible(10)</visible>
			</control>
				<control type="videowindow">
					<posx>0</posx>
					<posy>0</posy>
					<width>785</width>
					<height>431</height>
					<visible>Player.HasVideo</visible>
					<animation effect="slide" start="0,0" end="-2000,0" time="0">WindowClose</animation>
				</control>

				<control type="group">
					<description>Description Value for Video</description>
					<posx>0</posx>
					<posy>435</posy>
					<width>790</width>
					<!--<control type="image">
						<posx>-2</posx>
						<posy>-1</posy>
						<width>791</width>
						<height>151</height>
						<texture border="4">ContentPanel.png</texture>
					</control>-->
					<control type="label">
						<posx>0</posx>
						<posy>5</posy>
						<width>790</width>
						<height>20</height>
						<font>font13</font>
						<textcolor>white</textcolor>
						<shadowcolor>black</shadowcolor>
						<scroll>true</scroll>
						<align>center</align>
						<aligny>center</aligny>
						<label>[B]$INFO[Container(5060).ListItem.Title][/B]</label>
						<animation effect="fade" start="100" end="0" time="3000" condition="Player.HasVideo + System.IdleTime(10) + !Skin.HasSetting(HideNowPlayingInfo)">Conditional</animation>
					</control>
					<control type="label">
						<posx>80</posx>
						<posy>22</posy>
						<width>80</width>
						<height>20</height>
						<align>right</align>
						<aligny>center</aligny>
						<font>font10_title</font>
						<textcolor>blue</textcolor>
						<visible>Container(5060).ListItem.HasEpg</visible>
						<animation effect="fade" start="100" end="0" time="3000" condition="Player.HasVideo + System.IdleTime(10) + !Skin.HasSetting(HideNowPlayingInfo)">Conditional</animation>
						<label>$INFO[Container(5060).ListItem.StartTime]</label>
					</control>
				<control type="progress">
					<description>Progressbar</description>
					<posx>85</posx>
					<posy>30</posy>
					<width>615</width>
					<height>8</height>
					<visible>Container(5060).ListItem.HasEpg</visible>
					<animation effect="fade" start="100" end="0" time="3000" condition="Player.HasVideo + System.IdleTime(10) + !Skin.HasSetting(HideNowPlayingInfo)">Conditional</animation>
					<info>Container(5060).ListItem.Progress</info>
				</control>
				<control type="label">
					<posx>710</posx>
					<posy>22</posy>
					<width>80</width>
					<height>20</height>
					<align>left</align>
					<aligny>center</aligny>
					<font>font10_title</font>
					<textcolor>blue</textcolor>
					<visible>Container(5060).ListItem.HasEpg</visible>
					<animation effect="fade" start="100" end="0" time="3000" condition="Player.HasVideo + System.IdleTime(10) + !Skin.HasSetting(HideNowPlayingInfo)">Conditional</animation>
					<label>$INFO[Container(5060).ListItem.EndTime]</label>
				</control>
				<control type="textbox">
					<description>Plot Value for TVShow</description>
					<posx>15</posx>
					<posy>43</posy>
					<width>750</width>
					<height>95</height>
					<font>font12</font>
					<align>justify</align>
					<textcolor>white</textcolor>
					<shadowcolor>black</shadowcolor>
					<pagecontrol>-</pagecontrol>
					<visible>Control.IsVisible(5060)</visible>
					<label>$INFO[Container(5060).ListItem.Plot]</label>
					<animation effect="fade" start="100" end="0" time="3000" condition="Player.HasVideo + System.IdleTime(10) + !Skin.HasSetting(HideNowPlayingInfo)">Conditional</animation>
					<autoscroll time="2000" delay="3000" repeat="5000">true</autoscroll>
				</control>
				<control type="image">
					<posx>610</posx>
					<posy>5</posy>
					<width>170</width>
					<height>140</height>
					<texture>$INFO[ListItem.PlotOutline]</texture>
					<visible>Control.IsVisible(5060)</visible>
					<animation effect="fade" start="100" end="0" time="3000" condition="Player.HasVideo + System.IdleTime(10) + !Skin.HasSetting(HideNowPlayingInfo)">Conditional</animation>
				</control>
				<control type="image">
					<posx>610</posx>
					<posy>5</posy>
					<width>170</width>
					<height>140</height>
					<texture>$INFO[ListItem.Icon]</texture>
					<visible>Control.IsVisible(5060) + IsEmpty(ListItem.PlotOutline)</visible>					
					<animation effect="fade" start="100" end="0" time="3000" condition="Player.HasVideo + System.IdleTime(10) + !Skin.HasSetting(HideNowPlayingInfo)">Conditional</animation>
				</control>
				<control type="label">
				     <description>header label</description>
					<posx>245</posx>
					<posy>-475</posy>
					<width>140</width>
					<height>40</height>
					<font>font22</font>
					<label>$INFO[ListItem.ChannelGroup]</label>
					<align>right</align>
					<aligny>center</aligny>
					<textcolor>blue</textcolor>
					<shadowcolor>black</shadowcolor>
					<visible>!pvr.IsPlayingRadio</visible>
				</control>
<!--
				<control type="image">
				     <description>group logo</description>
					<posx>-10</posx>
					<posy>155</posy>
					<width>130</width>
					<height>90</height>
					<texture>group/$INFO[ListItem.ChannelGroup].png</texture>
					<visible>!pvr.IsPlayingRadio</visible>
				</control>
-->
				<control type="label">
					<posx>0</posx>
					<posy>153</posy>
					<width>1200</width>
					<height>20</height>
					<font>font10</font>
					<textcolor>blue</textcolor>
					<align>center</align>
					<aligny>center</aligny>
					<scroll>false</scroll>
					<visible>!IsEmpty(Container(5060).ListItem.NextTitle)</visible>
					<label>$LOCALIZE[19031]: $INFO[Container(5060).ListItem.NextTitle]</label>
					<animation effect="fade" start="100" end="0" time="3000" condition="Player.HasVideo + System.IdleTime(10) + !Skin.HasSetting(HideNowPlayingInfo)">Conditional</animation>
				</control>
	
			</control>
				<visible>Control.IsVisible(5060)</visible>
			</control>
		</control>

	</include>


























	<include name="TVFullWallView">
		<control type="group">
			<visible>Control.IsVisible(5732)</visible>
			<control type="image">
				<include>Dimensions_Fullscreen</include>
				<texture background="true">black-back.png</texture>
			</control>
				<control type="videowindow">
					<visible>Player.HasVideo</visible>
					<animation effect="slide" start="0,0" end="-2000,0" time="0">WindowClose</animation>
				</control>
			<control type="panel" id="5732">
				<posx>29</posx>
				<posy>55</posy>
				<width>1251</width>
				<height>606</height>
				<onleft>2</onleft>
				<onright>5732</onright>
				<onup>5732</onup>
				<ondown>5732</ondown>
				<viewtype label="TVFullWallView">panel</viewtype>
				<pagecontrol>-</pagecontrol>
				<scrolltime>200</scrolltime>
				<preloaditems>200</preloaditems>
				<animation effect="fade" start="100" end="0" time="3000" condition="Player.HasVideo + System.IdleTime(5) + !Skin.HasSetting(HideNowPlayingInfo)">Conditional</animation>				
				<animation effect="zoom" start="100" end="5" center="auto" time="2550" condition="Player.HasVideo + System.IdleTime(5) + !Skin.HasSetting(HideNowPlayingInfo)">Conditional</animation>
				<itemlayout height="152" width="205">
				<control type="image">
						<posx>5</posx>
						<posy>5</posy>
						<width>182</width>
						<height>129</height>
						<include>VisibleFadeEffect</include>
						<texture background="false">$VAR[PosterThumb]</texture>
					</control>
					<control type="image">
						<posx>0</posx>
						<posy>0</posy>
						<width>192</width>
						<height>139</height>
						<bordersize>5</bordersize>
						<bordertexture border="5">button-nofocus.png</bordertexture>
						<aspectratio scalediffuse="false">scale</aspectratio>
						<include>VisibleFadeEffect</include>
					</control>
					<control type="image">
						<posx>0</posx>
						<posy>0</posy>
						<width>192</width>
						<height>139</height>
						<bordersize>5</bordersize>
						<bordertexture border="5">button-nofocus.png</bordertexture>
						<aspectratio>stretch</aspectratio>
						<texture>black-back.png</texture>
						<colordiffuse>AAFFFFFF</colordiffuse>
						<visible>!String.IsEqual(ListItem.Label,..)</visible>
					</control>
					<control type="image">
						<posx>54</posx>
						<posy>5</posy>
						<width>80</width>
						<height>80</height>
						<fadetime>IconCrossfadeTime</fadetime>
						<texture>$VAR[StatusBanner,StatusBanner/,.png]</texture>
						<visible>!Skin.HasSetting(ViewStatusBanner) + !String.IsEmpty(ListItem.Overlay)</visible>
					</control>

					<control type="image">
						<posx>0</posx>
						<posy>0</posy>
						<width>192</width>
						<height>139</height>
						<bordersize>5</bordersize>
						<bordertexture border="5">button-nofocus.png</bordertexture>
						<aspectratio>stretch</aspectratio>
						<texture>black-back.png</texture>
						<colordiffuse>AAFFFFFF</colordiffuse>
						<visible>!String.IsEqual(ListItem.Label,..)</visible>
					</control>
					<control type="image">
						<posx>85</posx>
						<posy>150</posy>
						<width>50</width>
						<height>50</height>
						<aspectratio>keep</aspectratio>
						<texture>$VAR[WatchTypePath,OverlayStatus/]</texture>
						<visible>Skin.HasSetting(ViewStatusBanner) + !String.IsEmpty(ListItem.Overlay) + !string.IsEqual(Skin.String(WatchStatusType),Hidden)</visible>
					</control>
				</itemlayout>
				<focusedlayout height="142" width="205">
					<control type="group">
						<posx>0</posx>
						<posy>0</posy>
						<animation effect="slide" end="22,0" time="200" reversible="true" condition="Container.Column(0)">conditional</animation>
						<animation effect="slide" end="0,26" time="200" reversible="true" condition="Container.Row(0)">conditional</animation>
						<animation effect="slide" end="0,-26" time="200" reversible="true" condition="Container.Row(2)">conditional</animation>
						<animation effect="slide" end="-22,0" time="200" reversible="true" condition="Container.Column(8)">conditional</animation>
						<animation reversible="false" effect="zoom" end="-27,-33,267,185" time="100">focus</animation>
						<animation reversible="false" effect="zoom" start="-27,-33,267,185" time="100">unfocus</animation>
						<control type="image">
							<posx>5</posx>
							<posy>5</posy>
							<width>182</width>
							<height>129</height>
							<include>VisibleFadeEffect</include>
							<bordersize>8</bordersize>
							<texture background="true">$VAR[PosterThumb]</texture>
							<bordertexture border="8">ThumbBorder.png</bordertexture>
						</control>
						
						<control type="image">
							<posx>54</posx>
							<posy>7</posy>
							<width>80</width>
							<height>80</height>
							<fadetime>IconCrossfadeTime</fadetime>
							<texture>$VAR[StatusBanner,StatusBanner/,.png]</texture>
							<visible>!Skin.HasSetting(ViewStatusBanner) + !String.IsEmpty(ListItem.Overlay)</visible>
						</control>
						<control type="image">
							<posx>85</posx>
							<posy>150</posy>
							<width>50</width>
							<height>50</height>
							<aspectratio>keep</aspectratio>
							<texture>$VAR[WatchTypePath,OverlayStatus/]</texture>
							<visible>Skin.HasSetting(ViewStatusBanner) + !String.IsEmpty(ListItem.Overlay) + !string.IsEqual(Skin.String(WatchStatusType),Hidden)</visible>
						</control>
					</control>
				</focusedlayout>
			</control>
		</control>
	</include>









	<include name="EPGPlotoutline">
	<control type="group">
	<visible>Control.IsVisible(5735)</visible>
	<control type="image">
	<posx>0</posx>
	<posy>0</posy>
	<width>1280</width>
	<height>720</height>
	<texture fallback="special://skin/backgrounds/tv.jpg">$INFO[Skin.String(Home_Custom_Back_TV_Folder)]</texture>
	<colordiffuse>C3FFFFFF</colordiffuse>
	</control>		
	<control type="videowindow">
		<posx>0</posx>
		<posy>0</posy>
		<width>1280</width>
		<height>720</height>
		<visible>Player.HasVideo</visible>
		<animation effect="slide" start="0,0" end="-2000,0" time="0">WindowClose</animation>
	</control>
	<animation effect="fade" reversible="true" time="300">VisibleChange</animation>
	<control type="group"><!-- Mobilia -->
	<visible>Control.IsVisible(5735) | Control.IsVisible(12)</visible>
	<animation effect="slide" time="400" start="0,0" end="0,400" easing="in" tween="cubic" condition="Player.HasMedia + System.IdleTime(8) | Control.HasFocus(9920)">Conditional</animation>
	<control type="image">
	<posx>300</posx>
	<posy>387</posy>
	<width>980</width>
	<height>10</height>
	<texture>black-back.png</texture>
	<colordiffuse>C3FFFFFF</colordiffuse>
	</control>
	<control type="image">
	<posx>300</posx>
	<posy>654</posy>
	<width>980</width>
	<height>10</height>
	<texture flipy="true">black-back.png</texture>
	<colordiffuse>C3FFFFFF</colordiffuse>
	</control>
	<control type="image">
	<posx>300</posx>
	<posy>396</posy>
	<width>980</width>
	<height>259</height>
	<texture>black-back.png</texture>
	<colordiffuse>$VAR[value_texturecolor]</colordiffuse>
	<animation effect="fade" end="100" condition="true">Conditional</animation>
	</control>
	<control type="image">
	<posx>348</posx>
	<posy>428</posy>
	<width>225</width>
	<height>205</height>
	<texture fallback="DefaultVideoCover.png" background="true">$INFO[Container(5735).ListItem.Icon]</texture>
	<fadetime>FanartCrossFadeTime</fadetime>
	<aspectratio>stretch</aspectratio>
	<visible>Control.IsVisible(5735)</visible>
	</control>
		<control type="image">
	<posx>580</posx>
	<posy>530</posy>
	<width>185</width>
	<height>125</height>
	<texture fallback="" background="true">$INFO[Container(5735).ListItem.PlotOutline]</texture>
	<fadetime>FanartCrossFadeTime</fadetime>
	<aspectratio>stretch</aspectratio>
	<visible>Control.IsVisible(5735)</visible>
	</control>
		<control type="image">
	<posx>850</posx>
	<posy>530</posy>
	<width>185</width>
	<height>125</height>
	<texture fallback="" background="true">$INFO[Container(5735).ListItem.NextPlotOutline]</texture>
	<fadetime>FanartCrossFadeTime</fadetime>
	<aspectratio>stretch</aspectratio>
	<visible>Control.IsVisible(5735)</visible>
	</control>
	<control type="image">
	<posx>1100</posx>
	<posy>530</posy>
	<width>135</width>
	<height>95</height>
	<texture>$INFO[Player.Art(thumb)]</texture>
	<fadetime>FanartCrossFadeTime</fadetime>
	<aspectratio>stretch</aspectratio>
	<visible>Control.IsVisible(5735)</visible>
	</control>
	<control type="label"><!-- Nome do canal -->
	<posx>1060</posx>
	<posy>500</posy>
	<width>200</width>
	<height>20</height>
	<textcolor>blue</textcolor>
	<font>Font_16A</font>
	<label>Now You Watching</label>
	<visible>Player.HasVideo</visible>
	<scroll>true</scroll>
	</control>
	<control type="label"><!-- Nome do canal -->
	<posx>615</posx>
	<posy>400</posy>
	<width>270</width>
	<height>20</height>
	<textcolor>blue</textcolor>
	<font>Font_20A</font>
	<label>$INFO[ListItem.Label]</label>
	<scroll>true</scroll>
	</control>
	<control type="label"><!-- Nome do programa -->
	<posx>615</posx>
	<posy>425</posy>
	<width>250</width>
	<height>20</height>
	<textcolor>FFFFFAF0</textcolor>
	<font>Font_18A</font>
	<label>$INFO[ListItem.Title]</label>
	<scroll>true</scroll>
	</control>
	<control type="image">
	<posx>615</posx>
	<posy>448</posy>
	<width>625</width>
	<height>2</height>
	<align>left</align>
	<texture flipx="true">divider.png</texture>
	</control>
	<control type="label"><!-- Genero -->
	<posx>615</posx>
	<posy>450</posy>
	<width>625</width>
	<height>20</height>
	<align>left</align>
	<textcolor>grey2</textcolor>
	<font>Font_18A</font>
	<label>$INFO[ListItem.Genre]</label>
	<scroll>true</scroll>
	</control>
	<control type="image">
	<posx>615</posx>
	<posy>473</posy>
	<width>625</width>
	<height>2</height>
	<align>left</align>
	<texture flipx="true">divider.png</texture>
	</control>
	<control type="label">
	<posx>615</posx>
	<posy>476</posy>
	<width>160</width>
	<height>20</height>
	<font>Font_18A</font>
	<textcolor>FFFFFAF0</textcolor>>
	<label>$INFO[ListItem.StartTime]$INFO[ListItem.EndTime, / ]</label>
	<animation effect="fade" reversible="true" time="300">VisibleChange</animation>
	</control>
		<control type="label"><!-- Nome do programa -->
	<posx>885</posx>
	<posy>425</posy>
	<width>350</width>
	<height>20</height>
	<textcolor>FFFFFAF0</textcolor>
	<font>Font_18A</font>
	<label>$INFO[ListItem.NextTitle]</label>
	<scroll>true</scroll>
	</control>
	<control type="image">
	<posx>885</posx>
	<posy>448</posy>
	<width>625</width>
	<height>2</height>
	<align>left</align>
	<texture flipx="true">divider.png</texture>
	</control>
	<control type="label"><!-- Genero -->
	<posx>885</posx>
	<posy>450</posy>
	<width>625</width>
	<height>20</height>
	<align>left</align>
	<textcolor>grey2</textcolor>
	<font>Font_18A</font>
	<label>$INFO[ListItem.NextGenre]</label>
	<scroll>true</scroll>
	</control>
	<control type="image">
	<posx>885</posx>
	<posy>473</posy>
	<width>625</width>
	<height>2</height>
	<align>left</align>
	<texture flipx="true">divider.png</texture>
	</control>
	<control type="label">
	<posx>885</posx>
	<posy>476</posy>
	<width>160</width>
	<height>20</height>
	<font>Font_18A</font>
	<textcolor>FFFFFAF0</textcolor>>
	<label>$INFO[ListItem.NextStartTime]$INFO[ListItem.NextEndTime, / ]</label>
	<animation effect="fade" reversible="true" time="300">VisibleChange</animation>
	</control>
	<control type="label">
	<posx>615</posx>
	<posy>500</posy>
	<width>160</width>
	<height>20</height>
	<font>Font_16A</font>
	<textcolor>blue</textcolor>>
	<label>NOW</label>
	<visible>!IsEmpty(ListItem.PlotOutline)</visible>
	<animation effect="fade" reversible="true" time="300">VisibleChange</animation>
	</control>
	<control type="label">
	<posx>885</posx>
	<posy>500</posy>
	<width>160</width>
	<height>20</height>
	<font>Font_16A</font>
	<textcolor>blue</textcolor>>
	<label>NEXT</label>
	<visible>!IsEmpty(ListItem.NextPlotOutline)</visible>
	<animation effect="fade" reversible="true" time="300">VisibleChange</animation>
	</control>	
</control>
		<control type="image">
	<posx>300</posx>
	<posy>0</posy>
	<width>30</width>
	<height>720</height>
	<texture>shadow.png</texture>
	<colordiffuse>C3FFFFFF</colordiffuse>
	</control>

	<control type="image">
	<posx>298</posx>
	<posy>0</posy>
	<width>2</width>
	<height>720</height>
	<texture>separator_v.png</texture>
	</control>
	<control type="image">
	<posx>0</posx>
	<posy>688</posy>
	<width>298</width>
	<height>3</height>
	<texture flipx="true">divider.png</texture>
	<colordiffuse>90FFFFFF</colordiffuse>
	</control>
	<control type="label">
	<posx>20</posx>
	<posy>695</posy>
	<width>260</width>
	<height>22</height>
	<font>Font_9</font>
	<align>left</align>
	<textcolor>blue</textcolor>
	<label>[UPPERCASE]$INFO[Control.GetLabel(28)][COLOR=80ffffff] | [/COLOR]$VAR[value_pvrnumitems][/UPPERCASE]</label>
	<scroll>false</scroll>
	<scrollout>false</scrollout>
	</control>
	<control type="image">
	<posx>0</posx>
	<posy>0</posy>
	<width>340</width>
	<height>720</height>
	<texture>black-back.png</texture>
	<animation effect="slide" start="0,0" end="-320,0" time="300" easing="out" tween="cubic" condition="Player.HasVideo + System.IdleTime(8) | Control.HasFocus(9920)">Conditional</animation>
	</control>
	<control type="list" id="5735">
	<animation effect="slide" start="0,0" end="-320,0" time="300" easing="out" tween="cubic" condition="Player.HasVideo + System.IdleTime(8) | Control.HasFocus(9920)">Conditional</animation>
	<posx>30</posx>
	<posy>65</posy>
	<width>300</width>
	<height>600</height>
	<onleft>2</onleft>
	<viewtype label="EPGPlotoutline">list</viewtype>
	<onright condition="Player.HasVideo">600</onright>
	<ondown>5735</ondown>
	<orientation>vertical</orientation>
	<focusposition>2</focusposition>
	<scrolltime>300</scrolltime>
	<pagecontrol>71</pagecontrol>
	<itemlayout width="300" height="60">	
	<control type="image">
	<posx>0</posx>
	<posy>0</posy>
	<width>298</width>
	<height>3</height>
	<texture flipx="true">divider.png</texture>
	<colordiffuse>90FFFFFF</colordiffuse>
	</control>
	<control type="label">
	<posx>20</posx>
	<posy>0</posy>
	<width>220</width>
	<height>35</height>
	<font>Font_11</font>
	<label>$INFO[ListItem.ChannelNumberLabel]$INFO[ListItem.Label, - ]</label>
	<align>left</align>
	<aligny>center</aligny>
	<textcolor>white</textcolor>
	<selectedcolor>blue</selectedcolor>
	</control>
	<control type="label">
	<posx>20</posx>
	<posy>28</posy>
	<width>220</width>
	<height>20</height>
	<font>Font_10</font>
	<label>$INFO[ListItem.Title]</label>
	<align>left</align>
	<aligny>center</aligny>
	<textcolor>grey2</textcolor>
	<selectedcolor>blue</selectedcolor>
	</control>
	<control type="progress">
	<posx>20</posx>
	<posy>50</posy>
	<width>220</width>
	<height>4</height>
	<colordiffuse>blue</colordiffuse>
	<visible>ListItem.HasEpg</visible>
	<info>ListItem.Progress</info>
	</control>
	<control type="image">
	<posx>240</posx>
	<posy>5</posy>
	<width>60</width>
	<height>60</height>
	<texture>$INFO[ListItem.Icon]</texture>
	</control>
	</itemlayout>
	<focusedlayout width="300" height="60">
	<control type="image">
	<width>300</width>
	<height>60</height>
	<texture border="2">MenuItemFO.png</texture>
	<visible>Control.HasFocus(5735)</visible>
	<include>VisibleFadeEffect</include>
	</control>	
	<control type="image">
	<posx>0</posx>
	<posy>0</posy>
	<width>299</width>
	<height>60</height>
	<texture>settings_button.png</texture>
	<animation effect="fade" start="100" end="50" time="50" condition="!Control.Hasfocus(5735)">conditional</animation>
	</control>
	<control type="label">
	<posx>20</posx>
	<posy>1</posy>
	<width>220</width>
	<height>35</height>
	<font>Font_11</font>
	<label>$INFO[ListItem.ChannelNumberLabel]$INFO[ListItem.Label, - ]</label>
	<align>left</align>
	<aligny>center</aligny>
	<textcolor>white</textcolor>
	<selectedcolor>88FFFFFF</selectedcolor>
	<animation effect="fade" start="100" end="50" time="0" condition="!Control.Hasfocus(5735)">conditional</animation>
	</control>
	<control type="label">
	<posx>20</posx>
	<posy>28</posy>
	<width>220</width>
	<height>20</height>
	<font>Font_10</font>
	<label>$INFO[ListItem.Title]</label>
	<align>left</align>
	<aligny>center</aligny>
	<textcolor>grey2</textcolor>
	<selectedcolor>88FFFFFF</selectedcolor>
	</control>
	<control type="progress">
	<posx>20</posx>
	<posy>50</posy>
	<width>220</width>
	<height>4</height>
	<info>ListItem.Progress</info>
	<visible>ListItem.HasEpg</visible>
	</control>
	</focusedlayout>
	</control>
	</control>
	</include>







</includes>
